_length,_exclamation,_question,_quote,_capital
15,0,0,0,0
18,0,0,0,0
26,0,0,1,0
18,0,0,0,0
22,1,0,0,0
20,0,0,0,1
5,0,0,0,0
9,0,0,0,0
12,0,0,0,0
46,0,1,0,1
13,0,0,0,0
12,1,0,0,0
7,0,0,0,0
18,0,0,0,0
17,1,0,0,0
29,0,0,0,0
11,0,0,0,0
25,0,0,0,0
9,0,0,0,0
8,2,3,0,0
36,0,0,0,0
27,0,0,0,0
25,0,0,0,0
9,0,0,0,0
15,0,0,0,0
28,0,1,1,2
14,0,0,0,1
2,0,0,0,0
30,1,0,0,6
15,0,0,0,1
10,0,0,0,0
18,0,0,0,0
16,0,0,0,0
2,0,0,0,0
20,1,0,0,0
21,0,0,0,0
29,3,0,0,0
11,0,0,0,0
20,1,0,0,0
2,0,0,0,0
7,0,0,0,0
7,0,0,0,0
35,0,0,0,0
14,0,0,0,1
19,0,0,0,0
17,0,0,0,0
35,0,0,0,1
7,0,0,0,0
28,0,0,0,4
32,0,0,0,0
7,0,0,0,0
27,0,0,0,1
3,0,0,0,0
8,0,0,0,0
17,0,0,0,0
12,0,0,0,0
10,0,0,0,0
43,0,0,0,1
16,0,0,0,0
19,0,0,0,0
35,0,0,0,0
9,0,0,0,0
7,0,0,0,0
38,0,0,0,0
21,0,0,0,0
17,1,0,0,0
9,0,0,0,0
36,0,2,0,0
19,1,0,0,0
7,0,0,0,0
4,0,0,0,0
22,0,0,0,0
41,0,0,0,2
4,0,0,0,0
5,0,0,0,0
11,0,0,0,0
21,1,0,0,0
4,0,0,0,0
26,0,0,0,1
25,0,0,0,0
5,0,0,0,0
10,0,0,0,0
19,0,0,0,0
41,0,0,0,7
15,1,0,0,0
8,0,0,0,0
2,0,0,0,0
11,0,0,0,0
40,0,0,0,0
22,0,0,0,0
5,0,0,0,2
14,0,0,0,0
32,0,0,0,1
32,0,2,0,0
23,0,0,0,0
31,0,0,0,2
20,2,0,0,0
11,0,0,0,0
7,0,0,0,0
5,0,0,0,0
27,0,0,0,1
21,1,0,0,0
15,0,0,0,14
25,0,4,0,4
9,0,0,0,0
4,0,0,0,0
6,0,0,0,0
7,0,0,0,0
7,0,0,0,0
5,0,0,0,0
18,1,0,0,0
11,0,0,0,0
6,0,0,0,0
26,0,0,0,0
41,0,0,0,0
20,1,0,0,0
40,0,0,0,6
3,0,0,0,0
28,0,0,0,0
10,0,0,0,0
38,0,0,0,0
21,0,0,0,0
10,0,0,0,1
12,0,0,0,0
51,0,0,1,0
14,1,0,0,0
13,0,0,0,2
22,0,0,0,0
12,0,0,0,0
11,0,0,0,0
4,0,0,0,0
10,0,0,0,0
6,0,0,0,0
7,0,0,0,0
17,0,0,0,0
23,0,0,0,0
15,0,0,0,0
21,0,0,0,0
23,0,0,0,0
31,0,0,1,3
23,0,0,0,0
21,0,0,0,0
13,0,0,0,0
20,1,0,0,0
28,0,0,0,0
14,0,0,0,1
17,0,0,0,1
38,0,0,0,0
14,0,0,0,0
18,1,0,0,0
18,0,0,0,0
14,0,0,0,0
9,0,4,0,1
11,0,0,0,0
28,0,0,0,0
25,0,0,0,0
30,0,0,0,2
20,1,0,0,0
41,1,1,0,1
22,0,1,0,1
10,0,0,0,0
41,0,0,0,1
27,0,0,0,0
4,0,0,0,3
27,0,0,0,0
8,0,0,0,0
14,0,0,0,1
4,0,0,0,0
15,0,0,0,0
14,0,0,0,0
44,0,2,0,0
4,0,0,0,0
9,0,0,0,0
30,0,0,0,0
13,0,0,0,0
3,0,0,0,0
18,0,0,0,0
4,0,0,0,0
13,0,0,0,0
8,1,0,0,0
29,0,0,0,0
7,0,2,0,0
19,1,0,0,0
10,0,0,0,0
8,0,0,0,0
44,0,0,0,0
20,1,0,0,0
19,0,2,0,12
12,0,0,0,0
21,0,0,0,0
15,0,0,0,0
9,0,0,0,0
19,0,3,0,0
28,0,1,0,0
44,0,0,0,1
28,0,0,0,0
19,0,0,0,0
16,0,0,0,1
14,0,0,0,0
14,1,0,0,0
26,0,0,0,0
23,0,0,0,0
12,0,0,0,0
37,0,1,0,0
10,0,0,0,0
14,0,0,0,0
67,0,0,0,1
16,0,0,0,0
3,1,0,0,0
12,0,0,0,0
9,0,0,0,0
25,0,0,0,0
26,0,0,0,2
5,0,0,0,0
8,0,0,0,0
3,0,0,0,0
4,0,0,0,0
49,0,0,0,0
25,0,1,0,0
14,0,0,0,0
11,0,0,0,0
21,0,0,0,0
16,1,0,0,1
5,0,0,0,0
14,0,0,0,0
24,0,0,0,2
13,0,0,0,6
35,0,0,0,2
22,0,0,0,1
15,0,0,0,0
18,1,0,0,0
4,0,0,0,0
12,0,0,0,0
13,0,0,0,1
18,0,0,0,0
10,0,0,0,1
14,0,0,0,0
11,0,0,0,0
26,1,0,0,0
31,0,0,0,0
13,0,0,0,0
6,0,0,0,0
18,0,0,0,0
6,0,0,0,0
6,0,0,0,0
6,0,0,0,0
15,0,0,0,0
18,0,0,0,1
19,1,0,0,0
20,1,0,0,0
7,0,2,0,0
8,0,0,0,0
31,0,0,1,3
24,0,0,0,0
25,0,0,0,1
8,0,0,0,0
40,0,0,0,2
12,0,0,0,0
8,0,0,0,0
24,0,0,0,0
18,0,0,0,0
11,0,0,0,0
33,0,0,0,1
36,0,0,0,0
14,0,0,0,0
5,0,0,0,1
11,0,0,0,0
19,1,0,0,0
22,0,0,0,0
12,0,1,0,0
27,0,0,0,0
20,0,0,0,0
25,0,0,0,0
34,1,1,0,2
10,0,0,0,1
8,0,0,0,0
25,0,0,0,0
27,0,0,0,1
19,0,0,0,0
10,0,0,0,0
16,0,0,0,2
40,0,0,0,0
9,0,0,0,0
8,0,0,0,0
2,0,0,0,0
20,1,0,0,0
17,0,0,0,0
18,0,0,0,0
28,0,0,0,0
13,0,0,0,0
19,0,0,0,0
7,1,0,0,0
16,1,0,0,0
27,0,2,0,0
18,4,0,0,2
16,0,0,0,0
13,0,0,0,1
3,0,1,0,0
28,0,0,0,2
5,0,0,0,0
9,1,0,0,0
13,1,0,0,0
16,0,0,0,0
13,0,0,0,0
8,0,0,0,0
9,0,0,0,0
6,0,0,0,0
18,0,0,0,0
32,0,0,0,0
7,0,0,0,0
8,0,0,0,0
3,0,0,0,0
17,0,0,0,0
41,0,3,0,1
37,0,0,0,1
16,3,0,0,1
16,0,1,0,0
14,0,0,0,0
17,0,0,0,2
15,0,0,0,1
24,0,0,0,1
19,0,1,0,0
46,1,0,0,0
13,0,0,0,0
20,0,0,0,1
41,0,0,0,0
5,0,0,0,0
41,0,0,0,0
22,1,0,0,0
19,1,0,0,0
7,0,0,0,0
13,0,0,0,0
9,0,0,0,0
12,0,0,0,4
12,0,0,0,0
16,0,0,0,1
12,0,0,0,0
20,1,0,0,0
19,0,0,0,0
42,0,0,0,0
4,0,0,0,0
24,0,1,0,0
3,0,0,0,0
9,0,0,0,0
12,0,0,0,1
30,0,0,0,6
4,0,0,0,1
28,0,0,0,0
10,0,0,0,0
16,0,0,0,0
16,1,0,0,0
16,0,0,0,0
8,0,0,0,0
13,0,0,0,0
17,0,1,0,0
21,0,0,0,0
43,0,0,0,1
21,1,0,0,0
7,0,0,0,0
6,0,0,0,0
10,0,0,0,0
23,0,0,0,1
34,0,0,0,0
40,0,0,0,0
15,0,0,0,0
22,0,1,0,0
13,1,0,0,0
17,0,0,0,0
11,0,0,0,0
19,0,0,0,0
37,0,0,0,0
41,0,0,0,0
13,0,0,0,0
26,0,0,0,0
35,0,0,0,2
5,0,0,0,0
17,0,0,0,0
20,1,0,0,0
4,0,0,0,0
16,0,0,0,1
42,0,0,0,0
6,0,0,0,0
14,0,0,0,0
17,0,0,0,0
4,0,0,0,0
20,0,0,0,1
8,0,0,0,0
13,0,0,0,0
35,0,1,0,0
19,0,0,0,0
15,0,0,0,0
12,0,0,0,0
19,1,0,0,0
9,0,0,0,0
18,0,1,0,1
19,1,0,0,0
17,0,0,0,0
12,0,0,0,0
17,1,0,0,0
8,0,0,0,0
12,0,0,0,0
12,0,0,0,0
10,0,0,0,0
21,0,1,0,0
22,0,0,0,0
26,0,0,0,0
3,0,0,0,0
25,0,0,0,0
29,4,2,0,1
4,0,0,0,0
16,1,0,0,0
5,0,0,0,0
7,0,0,0,0
3,0,0,0,0
30,0,0,0,0
10,0,0,0,0
27,0,0,0,0
7,0,0,0,0
37,0,0,1,0
11,0,0,0,0
4,0,0,0,1
19,0,0,0,0
17,1,0,0,0
21,0,0,0,1
6,0,0,0,0
11,0,0,0,0
46,0,0,0,0
12,0,0,0,1
26,0,0,0,14
8,0,0,0,1
44,0,0,0,0
33,0,0,0,0
12,0,0,0,0
23,0,0,0,0
11,0,0,0,0
43,0,2,0,0
7,0,0,0,0
15,0,0,0,2
23,0,0,0,0
17,0,0,0,0
8,0,0,0,0
10,0,0,0,0
16,0,0,0,0
20,1,0,0,0
6,0,0,0,0
37,0,0,0,0
30,0,0,0,0
6,0,0,0,0
22,1,0,0,0
11,0,0,0,0
7,0,0,0,1
21,0,0,2,0
19,1,0,0,0
4,0,0,0,0
45,0,0,0,3
14,0,0,0,0
3,0,0,0,0
11,0,0,0,0
17,0,0,0,0
2,0,0,0,2
24,0,0,0,0
20,1,0,0,0
28,0,0,0,0
18,0,0,0,1
13,0,2,0,0
13,0,0,0,4
19,0,0,0,0
23,0,0,0,0
14,0,3,0,0
15,0,1,0,0
26,0,0,0,0
11,0,0,0,0
32,0,0,0,0
45,0,0,0,0
32,4,0,0,0
1,0,0,0,0
17,0,0,0,0
5,0,0,0,0
20,1,0,0,0
33,0,0,0,0
20,1,0,0,0
39,0,1,0,1
32,0,0,0,0
35,0,0,0,0
13,0,0,0,0
18,0,0,0,2
16,1,0,0,0
13,0,0,0,0
21,0,0,0,0
33,2,0,0,7
19,1,0,0,0
8,0,0,0,0
8,0,0,0,0
21,0,0,0,0
12,0,0,0,0
20,1,0,0,0
15,0,0,0,0
19,0,0,0,2
13,0,0,0,0
12,0,0,0,0
8,0,0,0,0
16,0,0,0,0
17,0,0,0,1
7,0,0,0,1
17,0,0,0,0
8,0,0,0,0
43,0,0,0,1
19,1,0,0,0
11,3,0,0,0
22,0,3,0,0
16,0,0,0,1
30,0,0,0,0
11,0,0,0,0
19,0,0,0,0
47,0,0,0,3
10,0,0,0,0
6,0,0,0,0
18,1,0,0,0
11,0,0,0,0
40,0,0,0,1
11,0,0,0,0
22,0,0,0,1
20,1,0,0,0
9,0,0,0,0
19,0,0,0,0
33,0,0,0,2
39,0,0,0,3
33,0,0,0,2
16,1,0,0,0
21,0,0,0,0
7,0,0,0,0
17,0,3,0,0
17,1,0,0,0
24,0,0,0,0
2,0,0,0,0
10,0,0,0,0
28,0,0,0,0
16,0,0,0,0
24,0,0,0,0
23,0,0,0,0
8,0,0,0,1
14,0,0,0,14
15,0,0,0,0
22,0,0,0,0
17,0,0,0,0
14,0,2,0,0
22,0,1,0,0
40,0,0,0,0
20,0,0,0,0
18,0,0,0,0
30,0,0,0,0
33,0,0,0,0
6,0,0,0,1
29,0,0,0,0
22,0,0,0,0
14,0,1,0,0
16,0,0,0,0
39,0,0,0,1
10,0,0,0,0
40,0,0,0,0
3,0,0,0,0
14,0,0,0,0
11,0,0,0,0
19,0,0,0,2
25,0,0,0,0
21,0,0,0,0
5,0,0,0,0
16,0,0,0,0
20,0,0,0,1
16,1,0,0,0
9,0,0,0,1
5,0,0,0,0
29,0,0,0,2
18,0,0,0,0
7,1,0,0,0
17,0,0,0,0
10,0,0,0,0
17,0,0,0,3
14,0,0,0,0
20,0,0,0,0
12,0,0,0,0
33,0,0,0,0
6,0,0,0,0
19,0,0,0,1
23,0,0,0,0
22,0,0,0,0
13,0,0,0,0
30,0,0,0,0
36,0,0,0,0
19,0,0,0,0
20,0,0,0,0
4,0,0,0,0
10,0,0,0,0
7,0,0,0,0
8,0,0,0,0
10,0,0,0,1
13,0,1,0,0
19,0,0,0,1
33,0,0,0,1
9,0,0,0,0
32,0,0,0,2
18,0,0,0,0
16,0,2,0,0
16,0,0,0,1
31,0,2,0,1
6,0,0,0,0
15,0,0,0,0
18,1,0,0,0
21,0,2,0,0
28,0,0,0,1
22,0,0,0,0
15,1,0,0,0
12,0,0,0,0
18,0,0,0,0
2,0,0,0,0
51,0,0,0,0
6,0,0,0,0
39,0,3,0,0
7,0,4,0,7
49,0,0,0,4
29,0,0,0,0
22,0,0,0,0
13,0,0,0,1
8,0,0,0,0
4,0,0,0,0
18,0,0,0,0
39,0,0,0,0
12,0,0,0,0
5,0,0,0,0
45,0,1,0,1
11,0,0,0,0
5,0,0,0,0
5,0,0,0,0
3,0,1,0,0
11,0,0,0,1
9,0,0,0,1
10,0,0,0,0
37,0,2,0,0
13,1,0,0,0
12,0,0,0,0
17,0,0,0,0
6,0,0,0,0
21,0,0,0,2
7,0,0,0,0
15,0,0,0,0
26,0,1,0,0
22,0,0,0,10
17,0,0,0,1
24,0,0,0,1
18,0,0,0,0
3,0,1,0,0
40,0,5,0,3
24,0,0,0,1
14,0,0,0,0
38,0,0,0,1
6,0,0,0,0
22,1,0,0,0
17,0,0,0,0
18,0,0,0,0
11,0,0,0,0
7,0,0,0,0
14,0,0,0,0
23,0,0,0,0
18,0,0,0,0
12,0,0,0,0
18,0,0,0,2
14,0,0,0,0
11,0,0,0,0
24,0,0,0,0
6,0,0,0,0
8,0,0,0,0
11,0,0,0,0
17,0,0,0,0
25,0,0,0,0
17,0,0,0,0
4,0,0,0,0
15,0,0,0,0
33,0,0,0,0
24,0,0,0,0
11,0,0,0,0
40,0,0,0,0
23,0,0,0,0
10,0,0,0,0
15,0,0,0,0
5,0,0,0,0
9,3,0,0,0
17,1,0,0,0
27,0,0,0,1
4,0,0,0,0
12,0,0,0,1
28,0,0,0,3
50,0,0,0,9
1,0,0,0,0
33,0,0,0,0
4,0,0,0,0
36,0,2,0,0
9,0,0,0,0
32,0,0,0,0
4,0,0,0,0
28,0,0,0,0
30,0,1,0,0
5,0,0,0,0
42,0,1,0,9
7,0,0,0,0
3,0,0,0,1
7,0,0,0,0
13,0,0,0,0
34,0,0,0,1
22,1,0,0,0
24,0,0,0,0
24,1,0,0,0
2,0,0,0,0
15,0,1,0,0
13,0,0,0,0
16,1,0,0,0
34,0,0,0,2
2,0,0,0,0
20,0,1,0,0
42,0,0,0,6
15,0,0,0,0
8,0,0,0,0
3,0,0,0,0
21,0,1,0,0
5,0,1,0,0
7,0,0,0,2
21,0,0,0,0
9,0,0,0,0
27,0,0,0,0
8,0,0,0,0
21,1,0,0,0
8,0,0,0,0
15,0,0,0,0
11,0,0,0,0
4,0,0,0,0
9,0,0,0,0
15,0,0,0,0
13,0,0,0,0
43,0,0,0,1
24,0,3,0,0
29,0,0,0,4
6,0,0,0,1
6,0,0,0,0
18,1,0,0,0
11,0,0,0,0
13,0,0,0,0
19,0,0,0,0
17,1,0,0,0
11,0,1,0,0
5,0,0,0,0
12,0,0,0,0
9,0,0,0,0
5,0,0,0,0
2,0,0,0,0
44,0,0,0,0
11,0,1,0,0
11,0,0,0,0
17,1,0,0,0
43,0,0,0,0
4,0,0,0,0
7,0,0,0,0
19,0,0,0,1
2,0,0,0,0
21,0,0,0,0
17,1,0,0,0
19,0,0,0,0
21,1,0,0,0
6,0,2,0,0
17,1,0,0,0
11,1,1,0,0
30,1,0,0,0
23,0,0,0,0
10,0,3,0,0
9,0,0,0,0
19,0,0,0,0
19,1,0,0,0
21,0,0,0,0
54,0,1,0,0
10,0,0,0,0
20,0,0,0,0
16,0,0,0,1
11,0,0,0,0
10,0,0,0,1
7,0,2,0,0
33,0,0,0,0
21,0,0,0,0
48,0,1,0,1
18,14,0,0,0
26,0,0,0,2
20,1,0,0,0
41,0,0,0,0
18,0,0,0,0
6,0,0,0,1
37,0,5,0,1
17,1,0,0,0
17,1,0,0,1
9,0,0,0,1
13,0,0,0,4
7,0,0,0,0
27,0,0,0,1
32,0,0,0,0
22,0,0,0,0
15,0,0,0,0
34,0,0,0,8
7,0,0,0,0
47,0,1,0,0
12,0,0,0,1
10,0,0,0,0
15,0,0,0,0
3,0,0,0,0
41,0,0,0,6
19,0,0,0,0
4,0,0,0,0
13,0,0,0,0
16,0,0,0,0
2,0,0,0,0
10,0,0,0,0
3,0,0,0,0
22,1,0,0,0
29,0,0,0,4
12,0,0,0,0
39,0,0,0,2
7,0,0,0,0
29,0,0,0,0
34,0,0,0,0
15,0,0,0,0
12,0,0,0,0
22,1,0,0,0
45,0,0,0,0
23,0,0,0,1
13,0,0,0,0
50,0,0,0,0
24,1,0,0,0
15,0,0,0,0
2,0,1,0,0
7,0,0,0,0
17,1,0,0,0
6,0,0,0,0
51,0,1,0,0
10,0,0,0,0
8,0,0,0,0
44,0,4,0,0
7,0,0,0,1
17,1,0,0,0
3,0,0,0,3
6,0,0,0,0
19,0,0,0,1
9,0,1,0,1
18,0,0,0,0
8,0,0,0,0
19,0,0,0,0
16,1,0,0,1
20,0,0,0,0
6,0,0,0,0
6,0,0,0,0
14,0,0,0,0
13,0,0,0,0
14,0,0,0,1
22,0,0,0,1
24,0,0,0,0
29,0,0,0,0
6,0,0,0,2
36,0,2,0,0
13,0,0,0,0
13,0,0,0,0
20,2,0,0,4
14,0,0,0,1
17,0,0,0,0
26,0,0,0,0
10,0,0,0,1
10,0,0,0,0
36,0,0,0,1
35,0,0,0,1
45,0,0,0,0
5,0,0,0,0
11,0,0,0,0
22,0,0,0,0
17,0,0,0,0
28,0,1,0,0
11,0,0,0,0
19,1,0,0,0
14,0,0,0,0
10,0,0,0,1
14,0,0,0,0
4,3,0,0,2
3,0,0,0,0
24,1,0,0,0
21,1,0,0,0
10,0,0,0,0
4,0,0,0,0
25,0,0,0,0
31,0,0,0,0
16,1,0,0,0
3,0,0,0,0
6,0,0,0,0
5,0,0,0,0
8,0,0,0,0
7,0,0,0,0
43,0,0,0,0
5,0,0,0,1
40,0,0,0,1
9,0,0,0,0
11,0,0,0,0
11,0,0,0,0
17,1,0,0,0
15,0,0,0,0
13,0,0,0,0
6,0,0,0,0
27,0,0,0,0
19,1,0,0,0
12,0,0,0,0
46,0,1,0,2
14,0,0,0,0
20,1,0,0,0
22,0,0,0,0
6,0,0,0,0
28,0,0,0,0
22,0,0,0,0
34,0,0,0,0
18,1,0,0,0
16,0,0,0,0
35,0,1,0,0
26,0,0,0,0
46,0,0,0,23
43,6,0,0,16
26,0,0,0,0
17,0,0,0,0
6,0,1,0,0
4,0,0,0,0
13,0,0,0,0
24,0,0,0,0
18,0,0,0,0
12,0,0,0,0
33,1,0,0,0
13,0,0,0,1
39,0,0,2,3
17,0,0,0,1
24,0,0,0,0
26,0,0,0,0
9,0,0,0,0
10,0,3,0,0
8,0,0,0,0
33,0,0,0,0
10,0,0,0,0
8,0,0,0,1
46,0,2,0,3
43,0,0,0,0
18,0,0,0,0
28,0,0,0,0
18,0,0,0,0
6,0,0,0,0
20,0,0,0,0
39,0,0,0,2
14,0,0,0,0
37,0,1,2,3
27,2,0,0,0
15,0,0,0,0
22,2,0,0,1
9,0,0,0,0
16,0,0,0,0
41,0,0,0,0
39,0,0,0,3
41,0,0,0,37
15,0,0,0,0
5,0,1,0,0
9,0,0,0,0
20,1,0,0,0
12,0,0,0,0
21,1,0,0,0
14,3,0,0,0
29,0,0,0,0
27,0,0,0,0
17,0,1,0,0
20,0,0,0,0
39,0,0,0,0
6,0,0,0,0
20,1,0,0,0
3,0,0,0,0
45,0,0,0,1
12,0,0,0,0
15,1,0,0,0
9,0,0,0,0
7,0,0,0,0
13,0,0,0,0
37,0,0,0,0
26,0,0,0,0
7,0,0,0,0
14,0,0,0,0
25,2,0,0,1
19,0,0,0,0
6,0,0,0,0
13,0,0,0,0
19,1,0,0,0
17,0,0,0,0
14,0,0,0,0
11,0,0,0,9
2,0,0,0,0
25,0,0,0,0
10,0,0,0,0
10,0,0,0,0
6,0,0,0,0
17,0,0,0,0
6,0,0,0,0
37,0,0,0,0
37,0,0,0,1
29,0,0,0,0
14,0,0,0,0
16,0,0,0,0
11,0,0,0,0
9,0,0,0,0
15,0,0,0,1
4,0,0,0,0
16,0,0,0,0
4,0,0,0,0
41,0,0,0,0
13,0,0,0,0
21,0,0,0,0
17,1,0,0,0
33,0,0,0,0
11,0,0,0,0
5,0,0,0,0
18,0,0,0,0
10,1,0,0,0
17,0,0,0,0
7,0,2,0,0
18,0,0,0,1
10,0,0,0,0
49,0,2,0,0
20,1,0,0,0
32,0,2,0,0
14,0,0,0,0
4,0,0,0,0
11,0,1,0,1
43,0,0,0,6
33,0,1,0,0
9,0,0,0,0
9,0,0,0,0
9,0,0,0,0
7,0,0,0,4
37,0,0,0,0
18,0,3,0,0
14,0,0,0,0
10,0,0,0,0
19,1,0,0,0
31,0,1,0,1
13,0,0,0,10
6,0,0,0,0
11,0,0,0,0
40,0,0,0,0
7,0,0,0,0
22,0,0,0,0
2,0,0,0,0
6,0,0,0,0
21,2,0,0,0
10,0,0,0,1
33,0,1,0,27
39,0,0,0,3
15,0,0,0,9
19,0,0,0,1
15,0,0,0,0
11,0,0,0,0
40,0,0,0,0
39,0,0,0,0
17,0,0,0,0
22,0,0,0,0
20,0,0,0,0
16,0,0,0,0
8,0,0,0,2
16,0,0,0,0
21,0,0,0,0
43,0,2,0,0
25,0,0,0,1
31,0,0,0,0
24,0,0,0,0
17,1,0,0,0
9,0,0,0,0
12,0,0,0,1
21,0,0,0,1
38,0,0,0,0
37,0,0,0,0
13,0,0,0,1
28,0,0,0,0
7,0,0,0,1
42,0,0,0,0
9,0,0,0,0
11,0,0,0,1
36,0,0,0,0
36,3,1,2,8
46,0,0,0,0
10,0,0,0,0
33,0,0,0,0
24,0,0,0,0
6,0,0,0,0
27,0,0,0,0
26,0,2,0,0
4,0,0,0,0
8,0,0,0,0
7,0,0,0,0
22,0,0,0,0
10,0,0,0,0
3,0,0,0,0
15,1,0,0,0
11,0,0,0,0
17,0,1,0,1
10,0,0,0,1
30,0,0,0,0
20,1,0,0,1
5,0,0,0,1
13,0,0,0,0
18,1,0,0,0
22,0,0,0,0
32,0,0,0,0
33,1,1,0,0
3,0,0,0,0
29,0,0,0,0
17,0,0,0,1
21,0,0,0,9
9,0,0,0,0
20,1,0,0,0
15,0,0,0,0
6,0,0,0,0
14,0,0,0,0
25,0,0,0,1
4,0,0,0,0
16,0,0,0,1
17,0,2,0,0
15,0,0,0,0
48,0,0,0,0
38,0,0,0,0
37,0,1,0,6
19,1,0,0,0
15,1,0,0,0
9,0,0,0,0
46,0,0,0,1
16,1,0,0,0
21,0,0,2,0
14,0,0,0,0
9,3,0,0,0
25,0,0,0,0
28,0,0,0,5
19,0,0,0,0
18,0,0,0,0
7,0,0,0,0
45,1,1,0,0
10,0,0,0,0
24,0,0,0,0
23,0,0,0,0
10,0,0,0,0
46,0,0,2,5
14,0,0,0,0
19,1,0,0,0
8,0,0,0,0
8,0,0,0,0
9,0,0,0,0
13,0,0,0,0
5,0,1,0,0
14,0,0,0,0
5,0,0,0,0
16,0,0,0,0
21,0,0,0,0
15,0,0,0,0
7,0,0,0,0
14,0,0,0,0
7,0,0,0,0
18,0,0,0,0
23,0,0,0,0
10,0,0,0,0
19,1,0,0,0
29,0,0,0,0
16,0,0,0,0
17,1,0,0,0
7,0,0,0,0
19,1,0,0,0
20,1,0,0,0
9,0,0,0,0
14,0,0,0,1
6,0,1,0,0
16,0,0,0,0
5,0,0,0,0
9,0,0,0,0
23,3,0,0,1
3,0,0,0,0
23,0,0,0,1
36,0,1,0,0
29,0,0,0,0
6,0,0,0,0
11,0,0,0,0
20,0,0,0,0
19,0,2,0,0
13,0,0,0,0
28,0,0,0,0
18,1,0,0,0
20,0,0,1,0
14,0,0,0,3
42,0,0,0,0
4,0,0,0,0
17,1,0,0,0
36,0,0,0,0
16,0,0,0,16
9,0,1,0,1
10,0,1,0,3
33,0,1,0,0
8,0,0,0,0
7,0,0,0,0
38,0,0,0,0
4,0,1,0,0
15,0,0,0,0
22,0,0,0,1
16,1,0,0,0
19,1,0,0,0
14,0,0,0,0
8,0,0,0,0
3,0,0,0,0
5,0,0,0,3
5,0,0,0,0
18,0,0,0,0
9,0,0,0,0
31,0,0,0,0
10,0,0,0,0
14,0,0,0,0
5,0,0,0,4
23,0,0,0,0
6,0,0,0,1
38,0,0,0,0
5,0,0,0,0
36,0,0,0,2
10,0,0,0,0
8,0,0,0,0
37,0,0,0,0
20,0,0,0,0
15,1,0,0,0
3,0,0,0,0
5,0,0,0,0
13,0,0,0,0
30,0,0,0,3
17,0,0,0,5
14,0,0,0,1
25,0,0,0,3
28,0,1,0,0
26,0,0,0,0
19,0,0,0,0
5,0,0,0,0
21,0,1,0,0
6,0,0,0,0
12,0,1,0,1
5,0,0,0,0
14,0,0,0,14
10,0,0,0,0
9,0,0,0,7
6,0,0,0,0
31,0,1,0,0
28,0,0,0,1
36,0,0,0,0
14,0,0,0,0
12,0,0,0,0
9,0,0,0,1
9,0,0,0,0
17,0,0,0,0
28,0,0,0,0
45,0,0,0,0
15,1,0,0,0
5,0,0,0,0
13,0,0,0,0
46,0,0,0,0
7,0,0,0,0
20,1,0,0,0
14,0,1,0,0
32,0,0,0,0
13,0,0,0,0
5,0,0,0,0
20,0,0,0,0
9,0,0,0,0
9,0,0,0,1
42,0,1,0,0
9,0,0,0,0
43,0,0,0,2
14,0,0,0,0
7,0,0,0,0
11,0,0,0,0
25,1,0,0,0
36,0,0,0,2
14,0,0,0,0
33,0,0,0,0
21,0,0,0,0
26,2,0,0,1
10,0,0,0,0
12,0,0,0,0
21,0,0,0,1
16,0,0,0,0
15,0,0,0,0
12,0,0,0,0
3,0,0,0,0
2,0,0,0,0
7,0,0,0,1
24,0,0,0,2
6,0,0,0,0
2,0,0,0,0
17,0,0,0,0
19,0,0,0,0
33,0,1,0,0
4,0,0,0,0
26,0,0,0,0
12,0,0,0,0
8,0,0,0,0
39,0,0,0,1
18,1,0,0,0
17,0,0,0,0
19,1,0,0,0
9,0,0,0,0
8,0,0,0,0
28,0,0,0,0
7,0,0,0,1
24,0,0,0,1
18,0,0,0,0
29,0,0,0,2
11,0,0,0,1
22,1,0,0,0
40,0,4,0,36
18,1,0,0,0
20,0,0,0,0
13,0,0,0,0
29,0,0,0,0
7,0,0,0,0
32,0,2,0,1
18,0,0,0,0
37,0,0,0,2
21,0,0,0,0
14,0,0,0,1
15,0,0,0,1
5,0,0,0,0
40,4,0,0,36
32,0,3,0,0
11,0,0,0,0
10,0,0,0,2
17,0,0,0,0
7,0,0,0,0
2,0,0,0,0
7,0,0,0,0
29,0,0,0,1
16,1,0,0,0
36,0,0,0,1
11,0,1,0,0
30,0,1,0,0
8,0,0,0,0
17,0,3,0,0
42,0,0,0,0
11,0,1,0,0
43,0,0,0,0
19,1,0,0,0
5,0,0,0,0
17,1,0,0,0
20,0,0,0,0
40,0,0,0,0
19,1,0,0,0
24,1,0,0,0
4,0,0,0,0
18,0,0,0,0
16,0,0,0,0
4,0,0,0,0
13,0,0,0,0
17,1,0,0,0
26,0,0,0,0
11,0,4,0,0
14,0,0,0,0
18,0,0,0,0
4,0,0,0,0
4,0,0,0,1
10,0,0,0,4
18,0,0,0,1
12,0,2,0,1
22,1,0,0,0
18,1,0,0,0
4,0,0,0,0
35,0,2,0,0
28,0,0,0,1
20,0,0,0,1
31,0,0,0,0
21,0,0,0,0
4,0,0,0,0
20,0,0,0,0
14,1,0,0,0
20,0,0,0,0
19,0,0,0,0
15,0,0,0,0
13,0,2,0,0
30,0,0,0,0
20,0,0,0,0
13,1,0,0,0
16,0,1,0,0
41,0,0,0,0
15,0,0,0,1
6,0,0,0,0
11,0,0,0,0
7,0,0,0,0
8,0,0,0,0
12,0,0,0,0
8,0,0,0,0
31,0,0,0,0
43,0,0,0,0
18,0,0,0,0
19,1,0,0,0
20,1,0,0,0
40,0,0,0,0
21,1,0,0,0
7,0,0,0,0
6,0,0,0,0
17,1,0,0,0
15,0,0,0,0
17,0,0,0,0
31,0,0,0,0
16,0,0,0,0
17,0,0,0,0
39,0,0,0,0
6,0,0,0,0
3,0,0,0,0
36,0,0,0,1
11,0,0,0,0
4,0,0,0,0
19,1,0,0,0
14,0,0,0,2
6,0,0,0,0
14,0,0,0,0
26,0,1,0,0
16,0,0,0,1
38,0,0,0,7
17,0,0,0,0
8,0,0,0,1
10,0,0,0,0
14,0,0,0,0
3,0,0,0,0
12,0,0,0,0
12,0,0,0,0
16,0,0,0,0
13,0,0,0,0
7,0,0,0,0
18,0,0,0,1
14,0,0,0,0
11,0,1,0,0
15,1,0,0,0
7,0,0,0,0
3,0,0,0,0
6,0,0,0,0
19,0,0,0,0
17,1,0,0,0
7,0,0,0,0
15,0,0,0,0
14,0,2,0,0
25,0,0,0,2
16,1,0,0,0
10,0,0,0,1
30,0,0,0,0
7,0,0,0,1
16,0,0,0,0
16,0,2,0,0
10,0,0,0,1
35,0,0,0,0
17,0,0,0,0
28,0,0,0,1
36,0,0,0,0
14,0,0,0,0
22,0,3,0,0
23,0,0,0,0
9,0,0,0,1
30,0,0,0,6
4,0,1,0,0
10,0,0,0,0
16,0,0,0,0
14,0,0,0,0
28,0,0,0,0
22,0,0,0,0
17,0,1,0,0
7,0,0,0,0
3,0,0,0,0
44,0,2,0,1
36,0,0,0,0
38,0,0,0,1
20,1,0,0,0
24,0,0,0,1
17,1,0,0,0
4,0,0,0,0
15,0,0,0,0
18,0,0,0,0
8,0,0,0,0
4,0,0,0,0
20,0,0,0,1
11,0,0,0,0
35,0,0,0,0
10,0,0,0,0
8,0,0,0,1
6,0,0,0,0
14,0,0,0,0
23,0,0,0,0
5,0,0,0,0
3,0,0,0,0
13,0,0,0,0
5,0,0,0,0
12,0,0,0,0
10,0,0,0,0
22,1,0,0,0
17,0,0,0,0
11,0,0,0,0
23,0,0,0,0
20,0,0,0,0
21,1,0,0,0
12,0,0,0,0
13,1,0,0,0
14,0,0,0,0
9,0,0,0,0
7,0,0,0,2
12,0,0,0,1
30,0,0,1,3
13,0,0,0,0
8,0,0,0,0
27,0,0,0,0
39,0,1,4,0
5,0,0,0,0
15,0,0,0,0
6,0,0,0,0
13,1,0,0,0
14,0,0,0,0
19,0,0,0,0
20,0,0,0,0
26,0,0,0,3
40,0,0,0,0
7,0,0,0,0
13,0,0,0,0
19,0,1,0,0
11,0,0,0,0
25,0,0,0,1
13,0,0,0,0
22,0,0,0,0
3,0,0,0,0
5,0,0,0,1
22,0,0,0,0
5,0,0,0,0
41,0,0,1,0
10,0,0,0,0
4,0,1,0,0
28,0,1,0,1
10,0,0,0,0
40,0,0,0,0
7,0,0,0,1
7,0,0,0,1
19,0,0,0,0
12,0,0,0,1
16,0,0,0,1
16,1,0,0,0
16,0,0,0,0
14,1,0,0,0
18,0,0,0,0
16,0,0,0,0
29,0,0,0,1
8,0,0,0,0
11,0,0,0,0
20,0,0,0,0
15,0,1,0,0
23,0,0,0,1
20,0,0,0,20
3,0,0,0,0
25,0,0,0,0
20,1,0,0,0
7,0,0,0,0
20,0,0,0,3
3,0,0,0,0
11,0,0,0,1
19,0,0,0,0
15,0,1,0,0
11,0,0,0,0
18,1,0,0,0
19,0,0,0,0
21,1,0,0,0
6,0,0,0,0
18,0,0,0,0
15,1,0,0,0
18,0,0,0,0
30,0,2,0,0
8,0,0,0,0
8,0,0,0,0
16,0,0,0,0
21,0,0,0,1
24,0,0,0,0
7,0,0,0,0
7,0,0,0,0
9,0,0,0,2
19,1,0,0,0
17,1,0,0,0
36,0,0,0,1
5,0,0,0,0
15,0,0,0,0
17,0,1,0,0
23,0,0,0,1
13,0,0,0,2
49,0,0,0,0
28,0,0,0,0
39,0,0,0,0
36,0,0,0,7
14,0,0,0,0
11,0,0,0,0
29,0,0,0,1
22,0,0,0,0
17,0,0,0,0
20,1,0,0,0
6,0,0,0,0
18,0,0,2,0
14,0,0,0,1
13,0,0,0,0
20,0,2,0,1
18,1,0,0,0
19,1,0,0,0
1,0,0,0,0
19,1,0,0,0
7,0,0,0,0
28,0,0,0,2
6,0,0,0,0
17,0,0,0,0
28,0,0,0,1
8,0,0,0,0
38,0,0,0,0
24,0,0,0,0
10,0,0,0,0
8,0,0,0,0
19,0,0,0,2
10,0,0,0,0
24,0,0,0,0
20,0,0,0,0
19,1,0,0,0
20,1,0,0,0
21,1,0,0,0
22,0,0,0,0
33,0,0,3,3
20,0,0,0,0
50,0,0,0,2
5,0,0,0,0
11,0,0,0,0
14,0,0,0,0
7,0,1,0,0
22,0,0,0,22
20,1,0,0,0
24,1,0,0,0
27,0,1,0,0
11,0,0,0,0
7,0,0,0,1
13,0,0,0,0
33,0,0,0,0
30,0,0,0,2
31,0,0,0,0
16,0,0,0,0
23,1,0,0,0
15,0,0,0,0
6,0,0,0,0
8,0,0,0,0
4,0,0,0,0
39,0,0,0,2
4,0,0,0,0
18,0,0,0,0
31,0,0,0,2
27,0,0,0,3
8,0,0,0,0
33,0,0,0,0
5,0,0,0,0
3,0,0,0,0
15,0,0,0,0
14,0,0,0,1
42,0,0,0,2
14,0,0,0,0
16,0,0,0,0
17,0,0,0,0
16,0,0,0,0
15,0,1,0,2
12,0,0,0,1
11,0,1,0,0
6,0,0,0,0
8,0,0,0,0
33,0,2,0,1
18,1,0,0,0
3,0,0,0,0
17,1,0,0,0
11,0,0,0,0
14,0,0,0,0
20,0,0,0,0
31,0,0,0,0
6,0,0,0,0
17,0,0,0,0
26,0,0,0,0
20,0,0,0,0
18,1,0,0,0
41,0,0,0,0
16,1,0,0,0
5,0,0,0,0
37,0,0,0,0
31,0,0,0,2
36,0,0,0,1
3,0,0,0,0
8,0,0,0,0
29,0,0,0,0
40,0,1,0,0
3,0,0,0,0
10,0,0,0,0
15,0,2,0,4
15,0,0,0,0
27,0,0,0,0
45,0,0,0,0
5,0,0,0,0
12,0,0,0,0
14,0,0,0,1
28,0,0,0,1
5,0,0,0,3
8,0,0,0,0
12,0,0,0,0
25,0,0,0,25
15,0,0,0,0
6,0,0,0,0
2,0,0,0,0
17,1,0,0,0
14,0,0,0,0
23,1,0,0,0
23,0,0,0,1
11,0,0,0,0
44,1,3,0,0
13,0,1,0,0
3,0,0,0,0
7,0,0,0,7
5,0,0,0,0
9,0,1,0,0
30,0,0,0,0
28,0,0,0,0
24,0,0,0,0
20,0,0,0,2
1,0,0,0,0
45,0,0,2,0
8,0,0,0,0
13,0,0,0,0
20,0,0,0,0
41,0,0,0,0
40,1,0,0,34
16,0,0,0,2
8,0,0,0,0
29,0,0,0,0
12,0,0,0,0
8,0,0,0,0
6,0,0,0,0
16,0,0,0,9
44,0,3,0,3
7,0,0,0,0
2,0,0,0,0
11,0,0,0,0
23,0,0,0,0
10,0,0,0,0
38,0,0,0,7
20,0,2,0,0
13,0,0,0,0
8,0,2,0,0
19,0,0,0,0
27,0,0,0,0
3,0,0,0,0
4,0,0,0,0
12,0,0,0,1
24,0,0,0,0
19,0,0,0,0
14,0,0,0,0
2,0,1,0,0
16,0,0,0,0
15,0,1,0,1
6,0,0,0,0
20,0,0,0,0
9,0,0,0,0
39,0,0,0,0
14,1,0,0,1
17,0,0,0,0
21,1,0,0,0
7,0,1,0,0
7,0,0,0,0
32,0,0,0,0
19,0,0,0,0
47,0,0,0,1
12,0,0,0,0
35,0,0,1,1
6,0,0,0,0
39,0,0,0,2
14,0,0,0,0
7,0,0,0,0
40,0,0,0,0
35,0,1,0,0
25,3,0,0,3
7,0,0,0,0
8,0,0,0,0
33,0,0,0,1
8,0,0,0,0
7,0,0,0,0
17,0,0,0,0
42,0,0,0,3
34,0,0,0,0
33,0,0,0,0
33,0,0,0,0
4,0,0,0,0
3,0,0,0,0
12,0,0,0,11
46,0,0,0,2
16,0,0,0,0
18,0,0,0,1
29,0,0,0,0
8,0,0,0,0
39,0,0,0,0
20,0,0,0,0
23,0,0,0,0
43,0,0,0,0
36,0,0,0,0
6,0,0,0,0
10,0,0,0,0
41,0,0,0,2
26,0,0,0,0
5,0,0,0,0
33,1,0,0,0
27,0,0,0,0
16,0,0,0,1
45,0,0,0,0
13,0,0,0,0
8,0,0,0,1
39,0,0,0,1
21,1,0,0,0
13,0,1,0,0
16,0,0,0,1
16,1,0,0,0
40,0,0,0,1
1,0,0,0,0
45,0,0,0,0
46,0,0,0,0
20,0,0,0,0
31,0,0,0,0
36,0,0,0,0
22,1,0,0,0
38,1,2,0,4
22,0,0,1,1
8,0,0,0,0
11,0,0,0,0
4,0,1,0,0
29,0,1,0,0
17,1,0,0,0
8,0,0,0,0
38,1,2,0,4
13,1,0,0,0
9,0,0,0,0
4,0,0,0,0
15,0,0,0,1
2,0,0,0,0
24,0,2,0,0
10,0,0,0,0
38,0,0,0,2
25,1,1,0,0
21,0,0,0,0
8,0,0,0,0
15,0,0,0,0
29,0,2,0,12
39,0,0,0,0
17,0,0,0,1
14,1,0,0,0
10,0,0,0,0
5,0,0,0,0
9,0,0,0,0
3,0,0,0,0
11,0,0,0,0
17,1,0,0,0
13,0,0,0,0
12,0,0,0,2
5,0,0,0,0
5,0,0,0,0
6,0,0,0,0
29,1,0,0,0
25,0,0,0,0
19,0,0,0,2
9,0,0,0,0
6,0,0,0,0
30,0,0,0,0
6,0,0,0,0
11,0,0,0,1
33,0,2,0,0
19,0,0,0,0
14,0,0,0,0
10,0,0,0,0
14,0,0,0,0
17,0,0,0,1
44,0,0,0,4
13,0,0,0,0
11,0,0,0,0
20,3,0,0,0
17,0,0,0,1
31,0,0,0,1
6,0,0,0,0
47,0,2,0,0
31,0,0,0,0
14,0,0,0,0
19,0,0,0,1
19,0,0,0,0
41,0,0,0,0
14,0,0,1,0
11,0,0,0,0
26,0,0,0,0
4,0,0,0,0
11,0,0,0,0
6,0,0,0,1
9,0,0,0,0
31,0,0,0,1
23,0,0,0,0
8,0,0,0,0
21,1,0,0,0
5,0,0,0,0
30,0,0,0,0
9,0,0,0,0
16,1,0,0,0
24,0,0,0,0
20,1,0,0,0
16,1,0,0,1
12,0,1,0,0
9,0,0,0,0
4,0,0,0,0
28,0,0,0,0
26,0,0,0,0
24,0,0,0,0
21,0,0,0,0
18,0,0,0,0
11,0,0,0,2
8,0,0,0,0
7,0,0,0,0
20,1,0,0,0
32,1,0,0,0
8,0,0,0,0
17,1,0,0,0
7,0,0,0,0
33,0,0,0,2
23,0,0,0,0
19,0,0,0,0
12,0,0,0,1
12,0,0,0,0
22,0,0,0,0
5,0,0,0,1
16,1,0,0,1
8,0,0,0,0
23,0,0,0,0
14,1,0,0,0
37,0,1,0,1
12,0,0,0,0
31,0,0,0,0
27,0,0,0,0
7,0,0,0,0
33,0,0,0,0
18,0,0,0,1
21,0,1,0,0
13,0,0,0,0
11,0,0,0,0
12,1,0,0,0
24,0,0,0,0
29,0,0,0,0
21,0,0,0,0
7,0,0,0,0
24,0,0,0,0
8,0,0,0,0
6,0,0,0,0
16,0,0,0,0
15,0,0,0,0
29,0,0,0,0
46,0,0,0,4
15,0,0,0,0
22,0,0,0,3
12,0,0,0,1
9,0,0,1,0
44,0,0,0,3
23,0,0,0,0
21,0,0,0,0
2,0,0,0,0
28,0,0,0,0
12,0,2,0,0
20,0,0,0,0
45,0,0,0,0
9,0,0,0,0
15,0,0,0,0
28,0,0,0,0
18,1,0,0,0
16,0,0,0,0
13,0,1,0,0
16,0,0,0,0
14,1,0,0,0
23,0,0,0,0
12,0,2,0,0
10,0,0,0,0
5,0,0,0,0
28,0,0,0,1
16,0,0,0,2
5,4,0,0,0
3,0,0,0,0
16,1,0,0,0
33,0,0,0,0
6,0,2,0,0
29,0,0,0,0
10,0,0,0,0
13,0,0,0,1
10,0,0,0,0
33,0,0,0,0
21,0,0,0,0
18,1,0,0,0
17,1,0,0,0
21,0,0,0,0
11,0,1,0,0
39,0,0,0,0
48,0,0,0,0
7,0,0,0,0
22,0,0,0,0
16,0,0,0,0
10,0,0,0,2
9,0,0,0,0
29,0,0,0,0
13,0,0,0,0
27,0,0,0,2
8,0,0,0,0
7,0,0,0,0
20,0,0,0,0
10,0,0,0,0
8,0,2,0,0
14,0,0,0,0
13,0,0,0,0
27,0,0,0,0
5,0,0,0,1
10,0,0,0,0
14,0,0,0,2
21,0,0,0,2
13,0,0,0,0
8,0,0,0,0
18,1,0,0,0
30,0,0,0,0
17,0,0,0,1
27,0,0,0,0
16,0,0,0,1
5,0,0,0,0
23,0,0,0,0
35,0,0,0,2
3,0,0,0,0
41,0,0,0,1
12,0,0,0,0
5,0,0,0,0
8,0,0,0,0
9,0,0,0,0
35,0,0,0,3
39,0,0,0,0
44,0,0,0,4
10,0,0,0,0
14,0,0,0,0
16,1,0,0,0
18,0,0,0,0
10,0,0,0,0
21,0,2,0,0
5,0,0,0,0
29,0,0,0,0
15,0,0,0,0
5,0,0,0,0
6,0,0,0,0
16,1,0,0,0
42,0,0,0,1
10,0,0,0,1
27,0,0,0,0
20,0,0,0,0
9,0,0,0,0
36,0,0,0,3
6,0,2,0,0
21,0,0,0,0
27,0,0,0,0
17,1,0,0,0
6,0,0,0,0
9,0,0,0,0
8,0,0,0,0
10,0,0,0,0
18,0,0,0,0
19,1,0,0,0
11,0,0,0,0
6,0,0,0,0
7,0,1,0,0
13,0,0,0,1
2,0,0,0,0
18,0,0,0,0
14,0,0,0,0
15,1,0,0,0
7,0,0,0,0
5,0,0,0,3
21,0,4,0,0
41,2,0,0,0
14,0,0,0,0
4,0,0,0,0
16,0,0,0,0
13,0,1,0,0
44,0,0,0,3
5,0,0,0,0
29,0,0,0,0
10,0,0,0,1
14,0,0,0,1
18,0,0,0,0
22,0,0,0,0
18,1,0,0,0
15,0,0,0,0
16,0,2,0,0
20,1,0,0,0
4,0,0,0,0
14,0,0,0,0
6,0,0,0,0
20,1,0,0,0
6,0,0,0,1
15,0,0,0,0
19,0,0,0,0
12,0,0,0,0
9,0,0,0,0
19,1,0,0,0
26,0,0,0,0
10,0,0,0,9
3,0,0,0,0
5,0,0,0,0
7,0,0,0,0
33,1,0,0,4
4,0,0,0,0
16,0,0,0,4
8,0,0,0,0
8,0,1,0,0
9,0,0,0,0
6,0,1,0,0
47,0,0,0,0
9,0,0,0,0
21,0,1,0,0
18,1,0,0,0
16,0,0,0,1
20,0,0,0,0
12,1,0,0,1
3,0,0,0,0
17,0,0,0,1
53,0,0,0,0
18,1,0,0,0
37,0,0,0,0
22,0,0,0,0
40,0,5,0,0
3,0,0,0,0
28,0,2,0,0
23,0,0,0,0
19,0,0,0,0
13,0,0,0,0
15,0,0,0,0
5,0,0,0,0
36,0,1,0,5
13,0,0,0,0
27,0,0,0,0
22,1,0,0,0
9,0,0,0,0
19,0,0,0,0
17,0,0,0,0
45,0,0,0,0
1,0,0,0,0
19,0,1,0,0
10,0,0,0,0
12,0,1,0,0
17,1,0,0,0
12,0,0,0,0
14,0,0,0,0
17,1,0,0,0
7,0,0,0,0
29,0,0,0,0
32,0,1,0,0
27,0,0,0,0
34,0,0,0,1
36,0,0,0,1
17,1,0,0,0
6,0,0,0,1
21,0,0,0,0
3,0,0,0,0
7,0,0,0,0
14,0,0,0,0
13,0,0,0,0
43,0,0,0,0
33,0,0,0,0
19,0,0,0,0
14,0,0,0,0
7,0,0,0,0
15,1,0,0,0
34,0,0,1,2
16,0,0,0,0
17,0,3,0,0
19,0,0,0,0
37,0,1,0,0
45,0,0,0,0
38,0,0,0,1
22,0,2,0,0
19,0,0,0,0
10,0,0,0,0
14,0,0,0,0
40,0,0,0,3
26,0,0,0,1
9,0,0,0,1
40,0,0,0,2
24,0,2,0,0
21,0,0,0,0
11,0,0,0,0
8,0,0,0,0
18,0,0,0,0
11,0,0,0,0
13,0,1,0,0
21,1,0,0,0
8,0,0,0,0
18,1,0,0,0
7,0,0,0,0
8,0,1,0,1
11,0,0,0,0
16,0,0,0,0
30,0,0,0,0
29,0,1,0,0
32,0,0,0,30
39,0,0,0,0
7,0,0,0,0
19,0,1,0,0
31,0,0,0,1
40,0,3,0,0
18,0,0,0,1
45,0,0,0,2
22,0,0,0,1
30,0,0,0,0
19,0,0,0,0
16,0,0,0,0
17,1,0,0,0
24,0,0,0,0
10,0,0,0,0
15,0,0,0,0
10,0,0,0,0
18,1,0,0,0
8,0,0,0,0
19,1,0,0,0
40,0,1,0,0
15,0,0,0,0
31,0,3,0,2
17,1,0,0,0
51,0,0,0,4
29,0,0,0,0
26,0,0,0,0
13,0,0,0,0
3,0,0,0,0
37,0,0,0,0
25,0,0,0,0
6,0,0,0,1
39,0,0,0,0
17,1,0,0,0
10,0,2,0,0
15,1,0,0,0
21,0,0,0,1
12,0,0,0,0
6,0,0,0,0
17,0,0,0,1
35,0,0,0,0
15,0,0,0,0
34,0,0,0,0
15,0,0,0,2
11,0,0,0,0
22,0,0,0,0
31,0,0,0,0
7,0,0,0,0
3,0,0,0,0
6,0,0,0,0
19,0,0,0,2
16,0,0,0,0
21,0,0,0,0
32,0,0,0,6
4,0,0,0,1
4,0,0,0,0
10,0,0,0,0
6,0,0,0,0
42,0,0,0,0
44,0,0,0,0
8,0,0,0,0
30,0,0,0,0
6,0,0,0,0
9,0,0,0,0
41,2,1,2,0
21,0,0,0,1
19,0,0,0,0
28,0,0,0,0
8,2,0,0,0
16,0,0,0,1
19,0,1,0,0
16,0,0,0,1
34,0,0,0,0
18,0,0,0,0
9,0,0,0,1
12,0,0,0,0
22,1,0,0,0
30,0,0,1,3
17,0,0,0,1
11,0,0,0,0
11,0,2,0,0
19,0,0,0,0
17,0,0,0,0
17,0,0,0,0
28,0,0,0,0
6,0,0,0,0
26,0,1,0,0
47,0,1,0,0
19,0,0,0,0
38,0,0,0,2
20,0,0,0,0
6,0,0,0,0
8,0,0,0,0
8,0,0,0,2
1,0,0,0,0
21,0,0,0,1
16,0,0,0,0
7,0,0,0,0
9,0,0,0,0
9,0,0,0,0
30,0,0,0,0
7,0,0,0,2
39,0,1,0,1
19,1,0,0,0
33,0,1,0,0
18,0,0,0,2
26,0,0,0,0
13,0,0,0,0
21,1,0,0,0
6,0,0,0,0
10,0,0,0,0
36,0,0,0,1
11,0,0,0,1
13,0,0,0,4
13,0,0,0,1
39,0,0,0,0
21,0,0,0,0
16,0,0,0,0
16,1,0,0,0
6,0,1,0,0
22,0,0,0,0
30,0,0,0,0
14,0,0,0,0
42,0,0,0,1
43,0,0,0,4
6,0,0,0,0
28,1,0,0,0
12,0,0,0,1
13,0,0,0,0
43,0,0,0,0
8,0,0,0,1
13,1,0,0,0
8,0,0,0,0
27,0,0,0,0
20,0,0,0,0
10,0,0,0,0
49,0,0,0,0
7,0,0,0,0
16,0,0,0,1
19,1,0,0,0
21,0,0,0,1
5,0,0,0,0
18,0,0,0,0
5,0,0,0,0
7,0,0,0,0
32,0,0,0,0
1,0,0,0,0
4,0,0,0,1
5,0,0,0,0
9,0,0,0,0
8,0,0,0,0
6,0,0,0,0
17,0,0,0,0
27,0,3,0,4
21,0,0,0,0
44,2,0,0,0
6,0,0,0,0
10,0,0,0,0
20,0,0,0,0
11,0,0,0,2
14,0,0,0,0
15,0,2,0,0
23,0,0,0,0
19,1,0,0,0
29,0,0,0,0
8,0,0,0,0
21,0,0,0,0
4,2,2,0,0
36,0,0,0,3
9,0,1,0,0
21,0,0,0,0
7,0,0,0,4
20,1,0,0,1
14,0,0,0,0
4,0,0,0,0
8,0,1,0,8
19,0,0,0,0
20,1,0,0,0
16,0,0,0,0
17,0,0,0,0
26,0,0,0,2
33,1,0,0,7
40,0,3,0,0
14,0,0,0,0
4,0,0,0,0
39,0,0,0,1
7,0,0,1,0
6,0,0,0,0
24,0,0,0,4
7,0,0,0,0
10,0,9,0,0
30,0,0,0,1
4,0,0,0,0
8,0,0,0,0
11,0,0,0,0
46,0,2,0,5
43,0,0,0,0
6,0,0,0,0
41,0,0,0,0
17,1,0,0,0
15,0,0,0,0
12,0,1,0,0
29,0,0,0,0
10,0,0,0,0
14,1,0,0,0
33,0,1,0,0
9,0,0,0,1
6,0,0,0,0
23,0,0,0,1
15,0,0,0,1
10,0,0,0,0
13,0,0,0,0
3,0,0,0,0
16,1,0,0,0
17,0,0,0,0
20,1,0,0,0
10,0,0,0,0
3,0,0,0,0
19,0,1,0,0
31,2,1,0,4
10,0,2,0,0
7,2,0,1,2
24,0,0,0,0
24,0,0,0,0
3,0,0,0,0
41,0,0,0,1
9,0,0,0,0
8,0,0,0,0
46,0,0,0,0
16,0,0,0,0
12,0,0,0,1
19,0,0,0,0
18,2,0,0,0
7,1,0,0,0
31,0,0,0,11
6,0,0,0,0
16,0,0,0,1
11,0,0,0,0
16,0,0,0,0
36,0,0,0,1
17,1,0,0,0
9,0,0,0,0
4,0,0,0,0
24,0,0,0,0
10,0,0,0,0
16,0,0,0,0
24,0,0,0,1
38,0,0,0,0
43,0,1,0,0
3,0,0,0,0
16,1,0,0,0
42,0,0,0,1
3,0,0,0,0
13,0,0,0,0
15,1,0,0,0
13,0,0,0,0
45,0,0,0,0
8,0,0,0,0
7,0,0,0,0
33,0,0,0,0
9,0,1,0,0
3,0,0,0,0
33,0,1,0,0
15,0,0,0,1
14,0,0,0,0
39,1,0,0,0
5,0,0,0,0
31,0,0,0,1
34,0,2,0,1
5,0,0,0,0
41,1,0,0,0
21,1,0,0,0
12,0,0,0,0
9,0,0,0,0
5,1,1,0,0
13,0,0,0,0
12,0,0,0,1
25,0,1,0,0
17,0,0,0,0
18,0,0,0,4
17,1,0,0,0
43,0,0,0,36
13,0,5,0,0
7,0,0,0,2
12,0,0,0,0
31,0,0,0,1
2,0,0,0,0
9,0,0,0,0
40,0,0,0,1
16,3,0,0,1
21,0,0,0,0
23,0,0,0,0
20,0,0,0,0
5,0,0,0,0
21,0,0,0,0
13,0,0,0,0
34,0,0,0,2
17,0,8,0,0
12,0,0,0,0
31,0,0,2,0
18,0,0,0,0
43,0,1,0,2
28,0,0,0,7
22,0,0,0,1
18,0,0,0,9
18,0,0,0,0
9,0,0,0,0
34,0,0,0,0
13,0,1,0,0
2,0,0,0,0
39,0,0,0,0
15,0,0,0,0
25,0,4,0,3
8,0,0,0,0
9,0,0,0,0
30,0,0,0,0
17,0,0,0,1
15,0,0,1,0
18,0,0,0,1
17,0,2,0,0
43,0,3,0,0
48,0,0,0,1
3,0,0,0,1
38,1,2,0,4
15,0,0,0,0
7,0,0,0,0
36,0,0,0,4
28,0,0,0,0
27,0,1,0,0
6,0,0,0,0
10,0,0,0,0
21,0,0,0,0
15,0,0,0,0
6,0,0,0,0
7,0,0,0,0
31,0,3,0,0
37,0,0,0,0
7,0,0,0,0
20,0,0,0,1
49,1,0,0,0
35,0,0,0,2
37,0,0,0,0
19,0,0,0,0
9,0,0,0,1
15,0,0,0,0
13,0,1,0,0
18,0,0,0,0
4,0,0,0,0
3,0,1,0,0
14,0,0,0,0
10,0,0,0,0
15,0,0,0,0
33,0,0,0,0
10,0,0,0,0
38,0,3,0,1
22,0,0,0,0
7,0,0,0,0
29,0,0,0,27
43,0,0,0,0
30,0,0,0,0
23,0,0,0,0
19,1,0,0,0
8,0,0,0,0
15,0,0,0,1
21,0,2,0,0
9,0,0,0,0
42,0,0,0,0
9,0,0,0,0
18,0,2,0,0
26,0,0,0,0
7,0,0,0,0
19,0,0,0,0
12,0,0,0,0
16,0,1,0,2
37,0,0,0,1
15,0,0,0,0
5,0,0,0,0
38,0,0,0,0
10,0,0,0,0
32,0,0,0,2
14,0,0,0,0
33,0,0,0,0
16,1,0,0,0
21,1,0,0,0
16,1,0,0,0
10,0,0,0,0
2,0,0,0,0
24,1,1,0,0
19,0,0,0,0
39,0,0,0,0
8,0,0,0,0
17,1,0,0,0
16,0,1,0,1
35,0,0,0,0
23,3,0,0,0
5,0,0,0,0
11,0,0,0,0
4,0,0,0,0
11,0,0,0,0
5,0,0,0,0
3,0,0,0,0
12,2,0,0,0
27,0,1,0,0
33,0,0,0,0
10,0,0,0,0
6,0,0,0,2
12,0,0,0,0
5,0,0,0,0
30,0,1,0,0
10,0,0,0,0
23,0,0,0,0
45,0,0,0,0
45,0,2,0,0
19,0,0,0,0
14,0,0,0,0
13,0,0,0,0
11,0,0,0,0
29,0,1,0,1
19,0,0,0,0
15,0,0,0,1
25,0,0,0,4
37,0,0,0,0
21,0,0,0,0
5,0,0,0,1
11,0,0,0,0
3,0,0,0,0
13,0,0,0,0
21,0,0,0,2
12,0,0,0,0
46,0,3,0,2
13,0,0,0,0
18,0,0,0,0
20,1,0,0,0
17,1,0,0,0
37,0,1,0,0
5,0,0,0,0
10,0,0,0,0
6,0,0,0,0
6,0,0,0,0
8,0,0,0,0
21,0,0,0,0
16,0,0,0,0
7,0,0,0,0
15,0,0,0,1
20,0,0,0,0
21,0,0,0,0
35,0,0,0,0
32,0,1,0,0
17,0,0,0,1
12,0,0,0,0
4,0,0,0,1
5,0,0,0,0
18,0,0,0,0
23,0,0,0,2
23,0,0,0,0
35,0,0,0,2
17,0,0,0,0
6,0,0,0,0
26,0,0,0,0
23,0,0,0,0
53,0,0,0,0
27,0,0,0,0
14,0,0,0,0
44,0,0,0,0
3,0,0,0,0
36,0,0,0,1
10,0,0,0,0
19,0,0,0,0
8,0,0,0,0
9,0,0,0,1
10,0,0,0,0
17,1,0,0,0
12,0,0,0,0
17,0,0,0,0
21,0,0,0,0
7,0,0,0,0
8,0,0,0,0
11,0,0,0,1
7,0,0,0,0
14,3,0,0,11
18,1,0,0,0
27,0,0,0,0
22,0,0,0,1
10,0,0,0,0
26,1,1,0,3
24,0,5,0,1
19,0,0,0,1
45,0,0,0,0
11,0,0,0,0
14,0,0,0,0
7,0,0,0,0
14,0,0,0,0
6,0,0,0,0
41,0,0,0,0
16,0,0,0,0
6,0,0,0,0
15,0,0,0,0
6,0,0,0,0
9,0,0,0,0
14,0,1,0,0
34,0,0,0,3
15,0,0,0,0
15,0,0,0,1
23,0,0,0,1
3,0,0,0,0
20,0,0,0,1
8,0,0,0,0
27,0,0,0,0
9,0,0,0,0
7,0,0,0,0
11,0,0,0,2
19,0,2,0,0
34,0,0,0,0
8,0,2,0,0
18,0,1,0,0
4,0,0,0,0
5,0,0,0,0
12,0,0,0,0
9,0,0,0,0
17,0,1,0,3
9,0,0,0,2
20,0,0,0,0
30,0,0,0,0
5,0,0,0,0
17,0,0,0,0
27,0,0,0,0
18,0,0,0,0
7,1,0,0,0
11,0,0,0,0
7,0,0,0,0
5,0,1,0,0
2,0,0,0,0
47,0,0,0,1
14,0,0,0,0
12,0,0,0,0
12,0,0,0,0
12,0,0,0,0
4,0,1,0,0
10,0,0,0,4
5,0,6,0,0
22,0,0,0,0
5,0,0,0,0
20,0,0,0,0
13,0,0,0,0
7,0,0,0,0
4,0,0,0,0
5,0,0,0,0
34,0,0,0,1
23,0,0,0,1
4,0,0,0,0
42,0,0,0,0
11,0,0,0,0
33,0,0,0,0
46,0,0,0,0
51,0,0,0,0
12,0,1,0,1
16,0,0,0,1
11,0,0,0,0
13,0,0,0,0
23,0,0,0,0
11,0,1,0,0
3,0,0,0,0
20,0,1,0,0
10,0,0,0,0
5,0,0,0,0
44,7,2,0,0
14,0,0,0,1
3,0,0,0,0
11,0,0,0,0
21,0,0,0,1
35,0,0,0,0
30,0,0,0,0
17,0,0,0,0
13,0,0,0,1
23,6,0,0,1
18,1,0,0,0
8,0,0,0,0
38,0,0,0,2
46,0,0,0,2
15,1,0,0,0
3,0,0,0,0
22,0,0,0,1
15,0,0,0,4
21,1,0,0,0
19,0,0,0,0
6,0,0,0,0
16,0,0,0,0
12,0,0,0,0
20,0,0,0,0
4,0,0,0,0
21,0,0,0,0
26,0,0,0,0
1,0,0,0,0
21,0,0,0,0
12,0,0,0,0
42,0,0,0,0
16,0,0,0,0
28,1,0,0,2
10,0,0,0,0
13,0,1,0,0
7,0,0,0,0
23,0,0,0,0
20,0,0,0,0
19,0,0,0,0
5,0,0,0,0
12,0,0,0,0
16,3,0,0,0
14,0,0,0,0
29,0,0,0,0
8,0,0,0,0
32,0,0,0,1
7,0,0,0,0
13,0,0,0,0
25,0,0,0,0
38,0,0,0,5
8,0,0,0,0
7,0,0,0,0
7,0,0,0,0
9,0,0,0,0
31,0,0,0,1
8,0,0,0,0
38,0,0,0,4
6,0,0,0,0
16,0,2,0,0
40,0,0,0,0
18,0,0,0,0
8,0,0,0,0
17,0,0,0,0
7,0,0,0,0
18,1,0,0,0
11,0,0,0,0
18,0,0,0,0
47,0,0,0,0
16,0,1,0,1
12,0,0,0,0
7,0,0,0,1
14,0,0,0,2
7,0,0,0,0
15,0,0,0,0
28,0,0,0,0
10,0,0,0,0
27,0,0,0,1
3,0,0,0,0
7,0,0,0,0
18,1,0,0,0
11,0,0,0,0
18,0,0,0,0
29,0,0,0,1
18,0,1,0,0
35,0,0,0,0
12,0,0,0,2
10,0,0,0,0
4,0,0,0,0
43,1,0,0,0
8,0,0,0,0
43,5,0,0,7
13,0,0,0,0
7,0,0,0,0
14,0,1,0,0
32,0,0,0,0
39,0,0,0,5
11,0,0,0,0
16,1,0,0,0
18,0,0,0,0
8,0,0,0,0
11,0,0,0,0
29,0,0,0,1
34,0,0,0,3
41,0,0,0,2
18,0,0,0,0
13,0,0,0,2
11,1,0,0,0
6,0,0,0,3
15,0,0,0,0
15,0,0,0,0
12,0,0,0,0
29,0,0,0,1
19,0,0,0,0
38,0,1,0,0
9,0,0,0,0
23,0,0,0,0
15,1,0,0,0
27,0,0,0,0
8,0,0,0,0
26,0,0,0,1
10,0,0,0,0
17,0,0,0,1
16,0,0,0,3
20,0,0,0,0
18,0,2,0,0
16,3,0,0,0
3,3,0,0,0
28,0,0,0,0
31,0,0,0,0
8,0,0,0,0
1,0,0,0,0
11,0,0,0,0
9,0,0,0,0
2,0,0,0,0
22,0,0,0,0
36,0,0,0,0
25,0,0,0,4
9,0,0,0,0
23,0,0,0,0
18,1,0,0,0
15,0,0,0,0
11,1,0,0,0
5,0,0,0,1
16,0,0,0,0
32,0,0,0,0
14,0,0,0,0
24,1,0,0,0
10,0,0,0,0
18,0,1,0,0
32,4,2,0,2
40,0,0,0,0
17,1,0,0,0
7,0,0,0,0
19,1,0,0,0
1,0,0,0,0
14,0,0,0,0
10,0,0,0,0
28,0,0,0,1
7,0,0,0,0
26,0,0,0,1
20,0,0,0,2
7,0,0,0,0
31,0,0,0,0
18,0,0,0,1
18,0,0,0,0
21,0,6,0,1
38,0,0,0,0
7,0,0,0,0
3,0,0,0,3
5,0,0,0,0
20,0,0,0,1
18,0,0,0,0
25,0,0,0,0
6,0,0,0,0
19,0,0,0,0
28,0,0,0,0
1,0,0,0,0
19,0,0,0,0
32,0,0,0,0
46,0,0,0,0
5,0,0,0,0
41,0,1,0,1
9,0,0,0,5
36,0,0,0,0
31,0,0,0,1
19,0,0,0,0
17,0,0,0,1
7,0,0,0,0
15,0,0,0,1
45,0,0,0,3
7,0,0,0,0
13,0,0,0,0
14,0,0,0,0
4,0,0,0,0
12,0,0,0,0
51,1,1,0,1
9,2,0,0,0
17,1,0,0,0
10,0,0,0,0
23,0,0,0,0
41,0,0,0,1
5,0,0,0,0
16,0,0,0,1
4,0,0,0,0
39,0,0,0,2
7,0,0,0,0
33,0,0,0,3
16,0,0,0,0
28,0,0,0,6
8,0,0,0,1
42,1,0,0,1
12,0,0,0,0
18,1,0,0,0
19,0,0,0,0
3,0,0,0,0
21,0,0,0,0
17,0,0,0,0
15,0,2,0,0
17,0,0,0,0
11,0,0,0,0
5,0,0,0,0
9,0,0,0,0
10,5,0,0,0
14,0,0,0,1
35,0,0,0,1
18,0,0,0,0
17,1,0,0,0
10,0,0,0,0
28,0,0,0,6
4,0,0,0,0
20,0,0,0,0
11,0,0,0,0
16,1,0,0,0
7,0,1,0,0
8,0,0,0,0
36,0,0,0,0
12,0,0,0,1
16,0,0,0,0
19,0,1,0,0
31,0,0,0,2
9,0,0,0,1
40,0,0,0,1
26,0,0,0,0
16,0,0,0,0
20,1,0,0,0
11,0,0,0,2
19,0,0,0,0
11,0,0,0,0
15,0,0,0,1
34,0,0,0,0
12,0,0,0,1
12,2,0,0,0
5,0,0,0,0
26,0,0,0,1
10,0,0,0,0
8,0,0,0,0
11,0,0,0,0
49,0,0,0,1
45,0,0,0,0
7,0,0,0,0
40,0,0,0,4
4,0,0,0,0
17,0,0,0,0
30,0,0,0,0
21,0,0,0,1
8,0,0,0,0
5,0,0,0,0
27,0,0,0,0
8,0,0,0,0
15,0,0,0,0
6,0,0,0,6
5,0,0,0,0
7,0,0,0,0
20,0,0,0,0
9,0,0,0,0
15,0,0,0,0
18,0,0,0,0
23,0,0,0,0
6,0,0,0,1
13,0,0,0,0
9,0,0,0,0
23,0,0,0,0
30,0,0,0,0
8,0,0,0,0
15,0,0,0,0
2,0,1,0,0
6,0,0,0,0
17,0,0,0,1
48,3,0,0,0
28,0,0,0,0
16,0,0,2,1
34,0,2,0,1
19,1,0,0,0
20,0,0,0,0
10,0,0,0,1
13,0,0,0,0
12,0,0,0,0
16,1,0,0,0
9,0,0,0,0
21,0,0,0,0
31,0,0,0,0
7,0,0,0,0
8,0,0,0,0
41,0,0,0,1
12,0,1,0,0
6,0,0,0,0
13,0,0,0,0
6,0,0,0,0
26,0,0,0,1
9,0,1,0,0
11,0,0,0,0
46,1,0,0,0
40,0,0,0,0
6,0,0,0,0
20,0,0,0,0
15,0,0,0,0
18,0,0,0,0
11,0,0,0,0
22,1,0,0,0
35,0,0,0,0
18,0,0,0,0
26,0,0,0,0
41,1,0,0,2
19,1,0,0,0
25,1,0,0,1
17,1,0,0,0
48,0,1,0,0
18,0,0,0,0
14,0,0,0,0
14,0,0,0,0
3,0,0,0,0
13,0,0,0,0
7,0,0,0,0
17,0,0,0,0
7,0,0,0,0
19,0,0,0,0
16,0,0,0,2
17,1,0,0,0
8,0,0,0,0
3,0,0,0,0
15,0,0,0,0
32,0,2,0,0
11,0,0,0,0
7,0,0,0,0
5,0,0,0,0
6,0,0,0,2
39,0,0,2,1
42,0,0,0,1
5,0,0,0,0
13,0,0,0,1
12,0,0,0,0
46,0,0,0,1
29,0,0,0,0
38,0,0,0,0
11,0,0,0,0
14,0,0,0,0
7,0,0,0,1
5,0,0,0,0
34,0,0,0,0
8,0,0,0,0
20,1,0,0,0
17,0,0,0,8
7,0,1,0,0
4,0,0,0,0
15,0,0,0,0
32,0,0,0,3
21,0,0,0,0
11,0,0,0,0
23,0,1,0,0
46,0,0,0,0
20,1,0,0,0
39,0,0,0,6
7,0,0,0,0
12,0,0,0,1
22,0,2,0,0
46,0,0,0,1
15,1,0,0,1
9,0,0,0,0
13,0,0,0,0
9,0,0,0,0
9,0,0,0,0
19,0,0,0,0
25,0,0,0,3
3,0,0,0,0
4,0,0,0,0
10,0,0,0,1
5,0,0,0,2
13,1,0,0,0
39,0,0,0,0
13,0,0,0,0
18,0,0,0,3
7,0,0,0,2
11,0,0,0,0
10,0,0,0,1
8,0,0,0,0
5,0,0,0,1
26,0,0,0,0
16,0,0,0,0
16,0,0,0,0
5,0,0,0,0
6,4,0,0,0
33,0,1,0,0
3,0,0,0,0
25,0,0,0,0
17,0,0,0,0
5,0,0,0,0
28,0,0,0,0
13,0,0,0,0
8,0,0,0,7
34,0,0,0,0
31,0,0,0,1
8,0,0,0,0
29,0,1,0,0
15,0,0,0,0
43,0,0,0,2
12,0,0,0,0
45,0,0,0,0
10,0,0,0,0
11,0,0,0,0
4,0,0,0,0
42,0,0,1,0
5,0,0,0,0
18,0,0,0,0
6,0,0,0,0
28,0,0,0,4
25,0,0,0,0
35,0,0,0,0
42,0,0,0,0
9,0,0,0,0
33,0,0,0,1
33,0,0,0,0
12,0,0,0,2
10,0,0,0,0
44,0,0,0,0
4,0,0,0,0
6,0,0,0,0
17,0,0,0,0
41,0,1,0,0
16,0,0,0,0
11,0,0,0,1
27,0,0,0,0
11,0,1,0,0
12,0,0,0,11
39,0,0,0,1
31,0,0,0,0
19,1,0,0,0
27,0,0,0,0
9,0,0,0,0
9,0,1,0,0
40,0,0,0,0
10,5,0,0,2
18,0,0,0,0
37,0,0,0,1
18,1,0,0,0
12,0,0,0,0
26,0,0,0,0
8,0,0,0,0
30,0,0,0,0
5,0,0,0,0
17,0,0,0,0
30,0,0,0,0
4,0,0,0,0
35,0,0,0,1
17,0,0,0,0
17,0,1,0,1
34,0,2,0,0
15,1,0,0,0
9,0,0,0,0
28,0,0,0,0
31,0,1,0,0
46,0,0,0,0
32,0,0,0,1
20,0,1,0,4
19,0,0,0,1
14,0,0,0,0
28,0,0,0,1
6,0,0,0,0
10,0,0,0,0
10,0,0,0,0
19,0,0,0,0
10,0,0,0,0
32,0,0,0,0
28,2,0,0,1
8,0,0,0,0
27,0,0,0,0
6,0,0,0,0
24,0,0,0,0
8,0,0,0,0
40,1,0,1,6
30,0,0,0,1
5,0,0,0,0
16,0,0,0,0
5,0,0,0,0
18,0,0,0,0
39,0,2,0,0
11,0,0,0,0
11,0,0,0,0
5,0,0,0,0
25,0,0,0,0
12,0,0,0,0
25,0,0,0,0
4,0,0,0,0
6,0,0,0,1
6,0,0,0,1
14,0,0,0,0
10,0,0,0,0
18,0,0,0,0
38,0,2,0,0
41,0,0,0,0
16,1,0,0,0
12,0,0,0,2
9,0,0,0,0
9,0,0,0,1
21,0,0,0,0
6,0,0,0,0
20,0,0,0,0
6,0,0,0,0
10,0,0,0,3
16,0,1,0,0
5,0,0,0,0
8,0,0,0,1
9,0,0,0,0
10,0,0,0,0
17,0,0,0,1
42,0,2,0,0
29,0,1,0,0
37,0,0,0,0
11,0,0,0,0
7,0,0,0,0
14,0,0,0,1
42,0,0,0,1
4,0,0,0,0
45,0,0,0,1
30,0,1,0,0
12,0,0,0,0
8,0,0,0,0
10,0,0,0,0
8,0,0,0,0
13,0,1,0,1
34,0,2,1,0
12,0,0,0,0
19,1,0,0,0
8,0,0,0,1
12,0,0,0,0
12,0,0,0,0
15,0,0,0,0
50,0,0,0,0
37,0,0,0,0
21,0,1,0,0
8,0,0,0,0
32,0,0,0,0
17,0,2,0,0
24,0,0,0,0
5,0,0,0,0
32,0,0,0,0
14,0,0,0,0
5,0,0,0,0
5,0,0,0,0
47,0,0,0,0
2,0,0,0,0
16,1,0,0,0
46,0,0,0,0
23,0,0,0,0
39,0,0,1,0
23,1,0,0,0
13,0,0,0,0
26,0,0,0,0
21,0,0,0,0
21,0,0,0,2
13,0,0,0,0
24,0,0,0,0
39,0,0,0,0
17,0,1,0,2
12,0,0,0,0
19,0,0,0,0
16,0,0,0,0
5,0,0,0,0
7,0,1,0,0
5,0,0,0,0
9,0,0,0,0
21,0,0,0,0
43,0,0,0,1
10,1,0,0,1
12,0,0,0,0
4,0,0,0,1
18,1,0,0,0
17,0,0,0,3
19,1,0,0,0
18,0,0,0,0
30,0,0,0,0
22,0,0,0,0
7,0,1,0,0
21,0,0,0,0
11,0,0,0,0
10,0,0,0,0
20,0,0,0,0
16,1,0,0,0
21,0,0,0,0
40,0,0,0,0
15,0,0,0,4
5,1,0,0,0
42,0,0,0,0
8,0,0,0,0
25,1,0,0,0
26,1,0,0,2
10,0,0,0,1
13,0,0,0,0
31,0,0,0,0
38,1,3,0,1
21,0,0,0,0
6,0,0,0,0
18,1,0,0,7
15,0,0,0,4
17,1,0,0,0
34,3,0,0,0
6,0,0,0,0
12,0,0,0,0
20,0,0,0,0
19,1,0,0,0
21,0,0,0,1
13,0,0,0,0
10,0,0,0,0
34,0,0,0,0
17,0,0,0,0
14,1,0,0,0
18,1,0,0,0
13,0,0,0,1
18,1,0,0,0
12,1,0,0,0
11,0,1,0,0
5,0,0,0,0
43,0,0,0,0
11,0,0,0,0
41,0,1,0,1
18,0,0,0,0
19,1,0,0,0
12,0,0,0,11
10,0,0,0,0
29,0,0,0,0
11,0,0,0,0
7,0,0,0,1
15,0,0,0,0
29,0,0,0,0
12,0,0,0,0
16,0,0,0,0
19,0,0,0,0
4,0,0,0,1
4,1,0,0,0
23,0,0,0,1
27,0,3,0,0
11,0,0,0,0
5,0,0,0,0
13,0,0,0,0
24,0,0,0,0
10,0,0,0,0
8,0,0,0,0
8,0,0,0,1
9,0,1,0,0
26,0,1,0,0
18,0,0,0,0
6,0,0,0,0
18,0,0,0,1
19,0,0,0,2
5,0,0,0,0
27,0,0,0,0
11,0,0,0,0
20,0,1,0,1
41,2,1,0,0
29,0,2,0,0
6,0,0,0,0
16,0,0,0,0
10,0,0,0,0
20,0,0,0,0
21,0,0,0,1
10,0,1,0,0
14,0,0,0,0
11,0,1,0,0
7,0,0,0,0
14,0,0,0,0
19,0,0,0,0
27,0,0,0,0
7,0,0,0,0
12,0,0,0,0
17,0,1,0,0
18,0,0,0,0
5,0,0,0,0
13,0,0,0,0
11,0,0,0,0
7,0,0,0,0
17,0,0,0,0
4,0,0,0,1
20,0,0,0,0
38,0,0,0,0
27,0,0,0,0
14,0,0,0,1
26,0,4,0,0
19,1,0,0,0
16,1,0,0,0
20,0,0,0,0
15,0,0,0,0
14,3,0,0,0
15,0,0,0,1
27,0,0,0,0
14,0,0,0,1
44,0,0,0,0
12,0,0,0,0
11,0,0,0,0
6,0,0,0,0
11,0,0,0,0
32,0,0,0,1
26,0,0,0,1
7,0,0,0,0
17,0,1,0,0
26,0,0,0,1
14,0,0,0,1
18,0,0,0,1
35,0,0,0,0
29,0,1,0,0
5,0,0,0,0
7,0,0,0,0
46,0,3,0,0
10,0,4,0,0
12,0,0,0,0
25,0,0,0,0
12,0,0,0,0
8,0,0,0,0
19,0,0,0,0
2,0,0,0,1
12,0,0,0,0
42,0,0,0,0
23,0,0,0,1
5,0,0,0,0
3,0,0,0,0
10,0,0,0,0
9,0,2,0,0
25,0,6,0,0
20,0,0,0,1
13,0,0,0,0
20,0,0,0,0
5,0,1,0,0
19,0,0,0,0
14,1,0,0,0
11,0,0,0,2
17,0,0,0,1
31,0,0,0,0
8,0,0,0,0
20,0,0,0,1
10,0,0,0,0
16,0,5,0,0
25,0,2,0,3
46,0,0,0,0
23,0,0,0,1
16,0,1,0,0
22,0,0,0,0
14,0,0,0,0
42,0,0,1,0
9,0,0,0,0
28,0,0,0,0
25,0,0,0,3
33,0,0,0,0
5,0,0,0,0
7,0,0,0,0
43,0,0,0,4
6,0,0,0,0
46,0,0,0,0
3,0,0,0,0
43,1,1,0,0
19,0,0,0,0
45,0,0,0,0
16,0,0,0,1
11,0,0,0,0
18,0,0,0,0
10,0,0,0,0
10,0,0,0,1
7,0,0,0,0
48,0,0,0,0
33,0,0,0,0
5,0,0,0,0
18,1,0,0,0
21,0,0,0,0
9,0,0,0,0
8,4,0,0,0
3,0,0,0,0
27,0,0,0,0
4,0,0,0,0
20,0,0,0,1
8,0,0,0,0
8,0,0,0,1
8,0,0,0,0
17,1,7,0,0
37,1,0,0,8
11,0,0,0,0
7,0,0,0,0
43,0,0,0,0
7,0,0,0,2
4,0,0,0,0
9,0,0,0,0
16,0,1,0,0
21,0,0,0,0
18,0,0,0,0
44,0,0,0,0
4,0,0,0,4
20,1,0,0,0
8,0,0,0,0
24,0,0,0,3
9,2,0,0,2
18,0,0,0,0
8,0,0,0,0
15,0,0,0,0
43,1,0,0,0
31,0,0,0,0
42,0,0,0,3
10,0,0,0,0
26,0,0,0,0
13,0,0,0,0
19,0,0,0,2
15,0,0,0,0
25,0,1,0,0
16,0,0,0,0
18,0,0,0,0
4,0,0,0,0
10,0,0,0,0
10,0,0,0,0
17,1,0,0,0
26,0,0,0,0
10,0,0,0,0
13,0,0,0,0
11,0,0,0,0
16,0,0,0,2
17,0,0,0,0
20,0,0,0,1
4,0,0,0,0
47,0,0,0,0
22,0,0,0,0
23,0,0,0,1
23,0,0,0,0
11,0,2,0,0
12,0,0,0,1
4,0,0,0,0
21,1,0,0,0
16,1,0,0,0
13,0,0,0,0
20,0,0,0,7
19,0,2,0,0
34,0,0,0,3
35,0,0,0,2
8,0,0,0,0
50,0,2,2,27
34,0,0,0,0
9,0,0,0,0
10,0,0,0,1
30,0,2,0,1
35,0,0,0,0
26,1,0,0,0
34,0,0,0,0
6,0,0,0,0
7,0,0,0,0
16,0,0,0,2
16,0,0,0,0
10,0,0,0,0
8,0,0,0,0
13,0,0,0,0
5,0,0,0,0
10,1,0,0,0
37,0,0,0,0
46,0,0,0,4
13,0,1,0,0
8,0,0,0,0
14,0,0,0,0
17,0,0,0,0
6,0,0,0,0
21,0,0,0,0
47,0,0,0,3
8,0,1,0,0
13,0,0,0,0
11,0,0,0,0
39,0,0,0,2
15,0,0,0,0
29,0,0,0,0
10,0,0,0,0
33,0,0,0,2
46,0,0,0,0
3,0,0,0,0
37,0,2,0,0
12,0,0,0,0
24,0,3,2,5
17,0,0,0,1
16,1,0,0,0
14,0,0,0,0
16,0,0,0,1
23,0,1,0,11
37,0,0,0,1
36,0,0,0,0
6,0,0,0,0
21,0,0,0,1
19,1,0,0,0
12,0,1,0,0
9,0,0,0,0
13,0,0,0,0
4,0,0,0,0
12,0,0,0,0
9,0,0,0,1
12,0,0,0,0
6,0,0,0,0
11,1,0,0,0
23,0,0,0,0
6,0,0,0,1
7,0,0,0,0
13,0,0,0,0
4,0,0,0,0
13,0,0,0,0
5,0,0,0,0
7,0,0,0,0
33,0,0,0,0
34,0,0,0,0
40,0,0,0,0
27,0,0,0,0
2,0,0,0,0
10,0,0,0,1
15,0,0,0,0
19,1,0,0,0
11,0,0,0,0
27,0,1,0,0
22,0,0,0,0
8,0,0,0,1
10,0,0,0,0
44,0,0,0,4
6,0,0,0,0
41,0,0,0,1
15,0,0,0,0
34,0,0,0,3
19,1,0,0,0
26,0,0,0,1
10,0,0,0,0
18,0,0,0,0
23,1,0,0,0
5,0,0,0,5
10,0,0,0,0
15,0,0,0,0
13,0,0,0,0
13,0,0,0,0
6,0,0,0,0
17,0,0,0,2
9,0,0,0,0
14,0,0,0,0
35,0,0,0,0
22,0,0,0,0
17,0,0,0,0
8,0,0,0,0
12,0,0,0,0
18,1,0,0,0
37,0,0,0,0
6,0,0,0,0
4,0,0,0,0
7,0,0,0,0
20,0,0,0,0
19,0,0,0,0
11,2,0,0,0
6,0,0,0,0
19,1,0,0,0
5,0,0,0,1
15,0,0,0,15
17,0,0,0,0
9,0,0,0,2
18,0,0,0,1
2,0,0,0,0
5,0,0,0,1
8,0,0,0,0
21,0,0,0,0
16,0,0,0,0
8,0,0,0,0
15,0,1,0,1
22,1,0,0,0
21,0,0,0,0
34,0,0,0,5
19,2,0,0,0
46,0,0,0,1
16,0,0,0,0
11,0,0,0,0
15,0,0,0,0
17,0,0,0,2
17,0,0,0,0
9,0,0,0,0
37,0,0,0,2
31,0,1,0,1
8,0,0,0,0
20,1,0,0,0
29,0,3,0,0
4,0,0,0,1
7,0,0,0,0
9,0,0,0,1
2,0,0,0,0
10,0,0,0,0
12,0,0,0,0
9,0,0,0,0
3,0,0,0,0
17,0,0,0,0
15,0,0,0,1
7,0,0,0,0
48,0,2,0,2
4,0,0,0,0
14,0,0,0,0
8,0,0,0,0
29,0,0,0,0
12,0,0,0,1
7,0,0,0,0
8,0,0,0,0
7,0,0,0,0
40,0,1,0,1
17,1,0,0,0
9,0,0,0,2
5,0,0,0,0
1,0,0,0,0
9,0,0,0,0
19,0,1,0,0
22,0,0,0,0
27,0,0,0,12
16,1,0,0,0
22,0,0,0,1
8,0,0,0,0
15,0,0,0,0
19,0,0,0,1
37,0,0,0,0
13,0,0,0,0
30,0,0,0,0
40,1,0,0,0
18,0,0,0,1
21,1,0,0,0
8,0,0,0,0
8,0,0,0,1
11,0,0,0,0
11,0,0,0,0
13,0,0,0,0
42,0,0,0,1
27,0,0,0,0
9,0,0,0,9
37,0,0,0,0
36,0,0,0,1
49,0,0,0,0
23,0,0,0,0
16,0,0,0,0
16,0,0,0,0
3,0,0,0,0
39,0,0,0,6
15,0,0,0,1
16,0,0,0,0
21,1,0,0,0
43,0,0,0,0
9,0,3,0,0
13,0,0,0,0
9,0,0,0,1
2,0,0,0,0
21,0,0,0,0
30,0,0,0,0
17,0,0,0,1
11,0,0,0,1
24,0,0,0,0
3,0,0,0,0
19,1,0,0,0
6,0,0,0,0
18,0,0,0,0
46,0,0,0,0
12,0,0,0,0
12,0,0,0,0
28,0,0,0,0
8,0,0,0,0
2,0,0,0,0
2,0,0,0,0
12,0,0,0,0
19,0,1,0,0
6,0,0,0,0
32,0,0,0,2
4,0,0,0,0
22,0,0,0,0
10,0,0,0,0
18,1,0,0,1
49,0,0,0,0
5,0,0,0,0
6,0,0,0,0
16,0,0,0,0
39,0,0,0,0
34,0,0,0,1
20,0,0,0,1
45,0,1,0,1
36,0,0,0,0
37,0,0,0,0
24,0,0,0,1
27,0,0,0,0
17,1,0,0,0
8,0,0,0,0
9,0,0,0,0
19,1,0,0,0
10,0,0,0,0
9,0,0,0,0
37,0,0,0,0
17,0,0,0,0
22,0,0,0,0
11,0,0,0,0
17,0,0,0,0
19,0,2,0,0
13,0,2,0,0
14,0,0,0,0
28,1,0,0,12
13,0,0,0,7
11,0,0,0,0
17,0,1,0,1
4,0,0,0,0
17,0,0,0,0
19,0,0,0,0
8,0,0,0,0
13,0,0,0,0
1,0,0,0,0
6,0,0,0,0
31,1,0,0,1
6,0,1,0,0
20,0,0,0,0
17,0,0,0,0
20,0,0,0,0
18,1,0,0,0
41,0,0,0,0
30,1,0,0,6
39,0,1,0,0
12,0,0,0,0
10,0,0,0,0
11,0,0,0,0
10,0,0,0,0
35,0,0,0,0
37,0,2,0,1
31,0,0,0,0
10,0,1,0,0
17,1,0,0,0
5,0,0,0,0
31,0,0,0,3
16,0,0,0,0
11,0,0,0,0
11,0,0,0,0
8,0,0,0,0
15,0,0,0,0
19,1,0,0,0
6,0,0,0,0
14,0,1,0,0
16,0,0,0,0
5,0,0,0,0
13,0,0,0,2
25,0,0,0,0
38,1,0,0,0
11,0,0,0,0
11,0,0,0,0
27,0,0,0,2
16,0,0,0,0
11,0,0,0,0
9,0,0,0,0
34,0,0,0,1
47,0,1,0,6
9,0,0,0,0
19,0,0,0,0
18,0,0,0,0
12,0,0,0,0
44,0,0,0,0
17,1,0,0,0
30,0,0,0,1
22,0,0,0,0
15,0,0,0,1
19,0,0,0,0
18,1,0,0,0
7,0,0,0,0
13,0,0,0,1
21,0,0,0,0
8,0,1,0,0
11,0,0,0,1
13,0,0,0,0
30,0,1,0,1
27,0,0,0,2
12,0,0,0,0
12,0,0,2,1
20,0,0,0,2
7,0,0,0,0
37,0,0,0,0
5,0,0,0,0
21,1,0,0,0
23,0,0,0,0
16,0,0,0,0
12,0,0,0,0
7,0,0,0,0
16,0,0,0,0
11,0,0,0,0
20,1,0,0,0
28,0,0,0,0
28,0,0,0,2
36,0,1,0,0
12,0,0,0,0
10,0,0,0,0
25,0,0,0,0
11,0,0,0,1
23,0,0,0,0
11,0,0,0,0
3,0,0,0,0
21,1,0,0,0
16,0,0,0,1
14,0,0,0,1
10,0,0,0,0
39,0,0,0,0
34,0,0,0,0
7,0,0,0,0
18,1,0,0,0
5,0,0,0,0
3,0,0,0,1
46,0,2,0,0
48,0,0,0,0
4,0,0,0,0
14,0,0,0,0
6,0,0,0,0
13,0,0,0,0
9,0,0,0,0
43,0,0,0,0
15,0,0,0,1
5,0,0,0,0
36,0,0,0,0
7,3,1,0,0
10,0,0,0,0
15,0,0,0,0
7,0,0,0,0
23,0,1,0,0
19,0,0,0,0
9,0,0,0,0
12,0,0,0,0
18,1,0,0,0
42,0,1,0,1
13,0,0,0,0
23,0,0,0,0
29,0,0,0,1
7,0,0,0,0
8,0,0,0,0
17,1,0,0,0
48,0,0,0,7
14,0,1,0,0
17,0,0,0,0
14,0,0,0,0
12,0,0,0,0
40,0,0,0,4
23,0,0,0,0
9,0,0,0,0
39,0,0,0,0
48,0,0,0,0
23,0,7,0,0
3,0,0,0,0
41,0,0,0,0
10,0,0,0,0
14,0,0,0,0
12,0,1,0,0
14,0,0,0,0
12,0,0,0,0
15,0,0,0,0
42,0,0,0,0
7,0,0,0,0
15,0,0,0,0
13,0,0,0,0
37,0,0,0,1
8,0,1,0,0
29,0,0,0,2
43,0,0,0,0
24,0,0,0,0
21,0,0,0,0
18,0,0,0,0
37,0,0,0,0
8,0,0,0,0
8,0,0,0,0
20,0,0,0,1
4,0,0,0,0
6,0,0,0,0
18,2,2,0,0
21,0,0,0,0
16,1,0,0,0
11,0,0,0,0
46,0,0,0,0
10,0,0,0,10
4,0,0,0,0
13,0,0,0,0
12,0,0,0,4
16,1,0,0,0
7,0,0,0,0
44,0,0,0,0
31,2,0,0,2
9,0,0,0,0
5,0,0,0,0
4,0,1,0,0
42,0,0,0,0
8,0,0,0,0
17,0,4,0,0
36,0,0,0,0
11,0,1,0,0
10,0,0,0,0
10,0,0,0,0
11,0,0,0,0
7,0,0,0,0
26,0,2,0,0
46,0,0,0,0
8,0,1,0,0
7,0,0,0,0
10,0,0,0,0
39,0,0,0,1
8,0,0,0,0
21,0,0,0,2
6,0,0,0,0
14,0,0,0,0
40,0,2,0,0
8,0,0,0,0
12,0,0,0,0
28,0,0,0,0
5,0,0,0,0
5,0,0,0,0
36,0,0,0,0
34,0,0,0,2
14,0,0,0,0
13,0,0,0,1
18,0,0,0,0
12,0,0,0,0
27,0,0,0,0
30,0,0,0,0
7,1,0,0,0
27,0,0,0,1
4,0,0,0,0
16,0,0,0,0
39,0,0,0,0
30,2,0,0,29
11,0,0,0,0
34,0,0,0,0
14,0,0,0,0
4,0,0,0,4
43,0,2,0,3
24,0,0,0,0
16,0,0,0,0
11,0,1,0,0
21,0,0,0,0
10,0,0,0,0
36,0,0,0,0
34,2,0,0,2
14,0,0,0,0
19,3,2,0,0
27,0,0,0,4
33,0,0,0,1
8,0,0,0,1
6,0,0,0,0
6,0,0,0,1
21,1,0,0,0
7,0,0,0,0
21,1,0,0,0
13,2,0,0,0
11,0,0,0,1
30,0,0,0,1
8,0,0,0,0
10,0,0,0,0
19,0,0,0,1
29,0,0,0,0
14,0,0,0,0
27,0,0,0,1
20,3,0,0,0
16,0,0,0,0
29,0,0,0,1
11,0,0,0,1
14,0,0,0,0
43,0,0,0,13
29,0,0,0,0
46,0,0,0,1
16,0,2,1,0
10,0,0,0,0
19,0,0,0,0
5,0,0,0,0
11,0,0,0,0
30,0,0,0,0
23,0,0,0,0
21,1,0,0,0
6,0,0,0,2
8,0,0,0,0
12,0,0,0,0
16,1,0,0,0
10,0,1,0,0
14,0,0,0,1
15,0,0,0,0
26,0,0,0,0
41,0,0,0,1
30,0,0,0,0
12,0,0,0,0
16,0,0,0,0
44,0,0,0,0
30,0,1,0,0
3,0,0,0,0
24,0,0,0,0
16,0,0,0,0
45,3,0,0,1
26,0,0,0,0
7,0,0,0,0
12,1,0,0,0
51,0,3,0,1
22,0,0,0,0
10,0,0,0,0
9,0,0,0,0
40,1,0,0,1
2,0,0,0,0
13,0,0,0,0
17,1,0,0,0
11,0,1,0,1
8,0,0,0,0
30,0,0,0,0
11,0,0,0,0
28,3,0,0,1
41,0,0,0,1
18,1,0,0,0
11,0,0,0,0
9,0,0,0,0
10,0,0,0,2
19,1,0,0,0
21,0,2,0,0
17,0,0,0,0
4,0,0,0,0
24,0,0,0,0
14,0,0,0,0
9,0,0,0,0
11,0,0,0,0
15,0,0,0,3
28,0,0,0,1
19,0,0,0,1
23,3,0,0,1
32,0,0,0,0
21,0,0,0,0
30,0,0,0,0
18,0,0,0,0
10,0,1,0,0
7,0,0,0,0
13,0,0,0,0
17,0,0,0,0
17,0,0,0,0
12,0,0,0,0
16,1,0,0,0
21,0,0,0,0
12,0,0,0,0
9,0,0,0,1
11,0,0,0,0
13,0,0,0,0
9,0,0,0,1
13,0,0,0,0
20,0,0,0,0
26,0,0,0,0
2,0,0,0,0
39,0,0,0,3
47,0,0,0,0
16,0,0,0,0
45,0,0,0,1
9,0,0,0,0
33,0,1,0,0
11,0,0,0,0
43,0,1,0,0
27,0,0,0,0
42,0,0,0,0
11,0,0,0,0
32,0,0,0,2
24,0,0,0,0
9,0,0,0,0
27,0,0,0,0
15,0,0,0,0
5,0,0,0,0
12,0,0,0,0
19,1,0,0,0
8,0,0,0,0
23,1,0,0,0
12,1,0,0,0
7,0,0,0,0
39,0,0,0,0
38,0,0,0,0
19,1,0,0,0
45,0,0,0,0
5,0,0,0,0
24,0,0,0,0
24,0,0,0,0
11,0,0,0,0
1,0,0,0,1
22,0,0,0,2
34,0,0,0,0
30,0,1,0,0
13,2,1,0,4
22,1,0,0,0
17,0,0,0,1
34,0,0,0,0
8,0,0,0,0
12,0,0,0,0
11,0,0,0,0
42,0,0,0,0
7,0,0,0,0
21,0,1,0,0
47,0,5,0,1
14,0,0,0,0
21,0,1,0,0
19,1,0,0,0
15,0,0,0,0
11,0,0,0,0
26,0,0,0,0
13,0,0,0,1
45,0,0,0,0
13,0,0,0,0
6,0,0,0,0
25,3,0,0,2
13,0,0,0,0
26,0,0,0,0
38,0,0,0,1
8,0,0,0,1
14,0,1,0,0
14,0,0,0,0
6,0,0,0,0
28,0,0,0,2
10,0,0,0,0
17,1,0,0,0
16,1,0,0,0
2,0,0,0,0
15,0,0,0,0
43,0,0,0,0
33,0,1,0,0
22,1,0,0,0
39,0,0,0,0
12,0,0,0,0
23,0,0,0,0
6,0,0,0,0
9,0,0,0,0
6,0,0,0,0
25,0,0,0,0
15,0,0,0,0
9,0,0,0,0
30,0,0,0,1
18,0,0,0,0
4,1,0,0,3
44,0,2,0,0
17,1,0,0,0
19,0,0,0,1
28,0,0,0,2
21,1,0,0,0
37,0,0,0,0
16,0,0,0,0
5,0,0,0,0
7,0,0,0,0
11,0,0,0,0
14,0,0,0,0
6,0,0,0,0
19,0,0,0,1
47,0,0,0,0
27,3,0,0,26
20,1,0,0,0
34,0,2,0,1
46,0,0,0,3
15,0,0,0,0
10,0,0,0,0
15,0,0,0,0
5,0,0,0,0
22,1,0,0,0
10,0,0,0,0
23,0,0,0,0
34,0,0,0,0
8,0,0,0,0
28,0,0,0,0
12,0,0,0,0
14,0,1,0,0
23,0,0,0,0
40,0,1,0,9
20,0,1,0,0
11,0,0,0,0
7,0,0,0,0
20,1,0,0,0
42,0,1,0,0
29,0,0,0,4
18,0,0,0,0
30,0,1,0,0
7,0,0,0,0
19,1,0,0,0
22,0,1,0,0
26,0,0,0,1
39,0,0,0,0
7,0,0,0,0
5,0,0,0,0
23,0,0,0,0
16,0,0,0,0
42,0,11,0,1
8,0,0,0,0
3,0,0,0,0
14,0,0,0,0
21,1,0,0,0
12,0,0,0,0
13,0,0,0,0
17,0,0,0,0
22,0,0,0,0
38,0,0,0,1
13,0,0,0,0
26,0,0,0,0
42,0,0,0,0
20,0,0,0,0
7,0,0,0,0
7,0,0,0,0
15,0,0,0,0
16,0,0,0,0
51,3,1,0,0
18,0,0,0,0
19,0,0,0,0
40,0,0,0,0
4,0,0,0,0
8,0,0,0,0
9,0,0,0,0
6,0,0,0,0
8,0,0,0,0
52,0,6,0,0
17,1,0,0,0
16,0,0,0,0
19,1,0,0,0
10,0,2,0,0
46,0,0,0,15
19,1,0,0,0
11,0,0,0,0
7,0,0,0,0
4,0,0,0,0
30,0,0,0,4
18,1,0,0,0
9,0,0,0,0
18,0,0,0,0
15,0,0,0,0
13,0,0,0,0
37,0,0,0,0
35,0,0,0,0
8,0,0,0,0
14,0,0,0,0
9,0,0,0,0
39,0,3,0,1
4,0,0,0,0
5,0,0,0,1
19,0,0,0,0
8,0,0,0,0
19,0,0,0,1
14,0,0,0,2
5,0,0,0,0
31,0,4,0,0
12,0,0,0,0
3,0,0,0,0
5,0,0,0,0
9,0,0,0,0
15,0,0,0,1
9,0,0,0,0
16,0,0,0,0
9,0,0,0,0
10,0,0,0,0
4,0,0,0,0
39,0,0,0,1
36,0,0,0,0
21,0,0,0,0
21,0,0,0,1
49,0,1,0,0
18,0,0,0,0
18,0,0,0,0
17,2,0,0,0
19,1,0,0,0
19,1,0,0,1
10,0,0,0,0
10,0,0,0,0
1,0,0,0,0
28,0,0,0,0
18,1,0,0,0
9,0,0,0,0
34,0,0,2,2
41,0,0,0,2
42,0,0,0,0
5,0,0,0,0
12,0,1,0,0
5,1,0,0,0
26,6,3,0,0
24,0,0,1,3
25,0,0,0,0
15,0,1,0,0
29,0,3,0,0
5,0,0,0,0
42,0,0,0,0
15,0,0,0,0
8,0,0,0,1
26,0,0,0,0
11,0,0,0,0
21,0,0,0,0
40,0,0,0,0
8,0,0,0,0
30,0,1,0,0
22,0,0,0,0
4,0,0,0,0
41,1,1,0,0
13,0,1,0,0
2,0,1,0,0
14,0,0,0,0
24,0,0,0,0
16,0,0,0,0
6,0,0,0,0
20,0,0,0,0
17,0,0,0,0
14,0,1,0,0
9,1,0,0,1
8,0,0,0,0
11,0,0,0,0
22,0,0,0,0
31,0,0,0,0
19,0,0,0,0
11,0,0,0,9
46,0,0,0,2
46,0,0,0,1
12,0,0,0,0
20,1,0,0,0
17,0,0,0,0
7,0,0,0,0
28,0,0,0,0
10,0,0,0,0
5,0,0,0,0
8,0,0,0,0
13,0,0,0,0
43,0,0,0,4
32,0,0,0,0
34,0,0,0,0
19,0,0,0,0
15,0,0,0,2
6,0,0,0,0
32,0,1,0,0
34,0,0,0,0
26,0,0,0,0
37,0,0,0,0
19,0,0,0,2
11,0,0,0,1
3,1,0,0,0
11,0,0,0,0
15,0,0,0,0
21,0,0,0,0
45,0,0,0,0
11,0,0,0,1
13,0,0,0,0
14,0,0,0,0
40,0,0,0,0
3,0,0,0,0
24,0,5,0,0
27,0,0,0,1
18,0,0,0,0
19,0,0,0,0
39,0,2,0,0
17,0,0,0,0
29,0,0,0,0
46,0,0,0,0
12,1,0,0,1
30,0,0,0,0
7,0,0,0,0
7,0,0,0,0
5,0,0,0,0
10,0,0,0,0
7,0,0,0,0
2,0,0,0,0
10,0,0,0,0
11,0,0,0,0
17,2,0,0,0
16,0,0,0,0
9,0,0,0,0
11,0,0,0,0
6,0,0,0,0
32,0,0,0,30
23,0,0,0,1
31,0,0,0,0
12,0,1,0,0
13,0,0,0,0
28,0,0,0,0
26,0,1,0,0
30,0,1,0,0
15,0,0,0,0
36,0,0,0,2
20,0,0,0,0
8,0,0,0,0
26,0,0,0,0
3,0,0,0,0
7,0,0,0,0
14,1,0,0,0
36,0,0,0,2
9,0,0,0,0
40,2,1,0,1
5,1,0,0,0
7,0,0,0,0
10,0,0,0,0
5,0,0,0,0
6,0,0,0,0
12,0,0,0,0
9,0,0,0,0
38,0,2,0,1
10,0,0,0,0
10,0,0,0,0
9,0,0,0,0
21,1,0,0,0
19,0,0,0,0
22,0,0,0,1
28,0,0,0,1
20,0,0,0,0
6,0,0,0,0
17,0,0,0,0
8,0,0,0,0
14,0,1,0,0
12,0,0,0,0
38,0,0,0,0
13,0,0,0,0
18,0,0,0,1
47,0,0,0,0
13,0,0,0,1
6,3,0,0,0
21,2,0,2,1
24,0,0,0,0
31,0,0,0,1
12,0,1,0,12
18,0,0,0,1
10,0,0,0,0
10,0,0,2,1
19,0,0,0,0
23,0,0,0,0
14,0,0,0,0
15,0,0,0,0
39,0,0,0,0
10,0,0,0,0
42,0,2,0,0
33,0,0,0,0
11,0,0,0,0
15,1,0,0,0
43,1,0,0,0
14,0,0,0,1
28,0,0,0,0
7,0,0,0,0
19,1,0,0,0
6,0,1,0,0
5,0,1,0,0
32,0,0,0,0
7,0,0,0,0
8,0,0,0,0
6,0,0,0,0
4,0,0,0,0
2,0,0,0,0
10,0,0,0,0
21,0,0,0,0
26,0,0,0,0
34,0,0,0,0
6,0,0,0,0
28,3,0,0,1
16,0,0,0,0
39,0,0,0,0
41,0,0,0,1
15,0,0,0,0
4,0,0,0,0
2,0,2,0,1
32,0,0,0,0
9,0,0,0,0
13,0,0,2,1
10,0,0,0,0
18,0,0,0,0
13,0,0,0,0
11,1,0,0,0
21,1,0,0,0
43,0,0,0,0
38,0,1,0,0
39,0,0,0,0
3,0,0,0,0
15,3,0,0,0
27,0,0,0,0
23,1,0,0,0
7,0,0,0,0
18,0,0,0,0
30,0,0,0,0
16,0,0,0,0
27,0,3,0,0
21,1,0,0,0
37,0,0,0,2
14,0,0,0,0
18,0,0,0,0
20,0,0,0,2
12,0,0,0,0
1,0,0,0,0
5,0,1,0,0
32,0,0,0,0
11,0,0,0,0
8,0,0,0,0
16,0,0,0,1
25,0,0,0,0
5,0,0,0,0
42,0,2,0,2
3,0,0,0,0
37,0,0,0,0
34,0,0,0,0
28,0,2,0,0
37,0,0,0,0
15,0,2,0,0
18,5,0,0,1
11,0,0,0,1
20,2,0,0,0
20,1,0,0,0
14,0,0,0,2
17,0,0,0,0
24,0,0,0,0
12,0,0,0,0
20,0,0,0,0
18,0,0,0,0
11,0,5,0,0
10,1,0,2,0
10,0,1,0,0
26,0,0,0,0
26,3,0,0,0
52,0,0,0,0
21,0,0,0,0
10,0,0,0,0
15,0,0,0,0
16,0,0,0,0
11,3,0,0,0
31,0,1,0,0
34,0,0,0,0
15,0,0,0,1
10,0,0,0,0
6,0,0,0,0
15,1,0,0,0
14,0,0,0,0
5,0,0,0,0
32,0,0,0,2
5,0,0,0,0
13,0,0,0,0
4,0,0,0,0
17,0,0,0,2
13,0,0,0,0
18,0,0,0,0
20,0,1,0,0
24,0,2,0,2
18,1,0,0,0
19,1,0,0,0
30,0,0,0,1
12,0,0,0,0
10,0,0,0,0
17,1,0,0,0
6,0,0,0,0
13,0,0,0,0
11,0,0,0,0
19,0,0,0,0
15,0,0,0,0
4,0,0,0,0
2,0,0,0,0
23,0,6,0,3
12,0,0,0,0
16,0,0,0,0
36,0,0,0,0
11,0,0,0,0
13,0,0,0,0
1,0,0,0,1
22,0,0,0,0
40,2,0,0,0
35,0,0,0,0
16,0,0,0,1
43,0,0,0,0
13,0,0,0,0
12,0,0,0,0
23,0,0,0,0
19,0,0,0,0
41,0,0,0,0
27,0,0,0,0
11,0,0,0,0
16,0,0,0,0
12,0,0,1,0
17,0,0,0,0
5,0,0,0,0
28,0,0,0,0
17,0,0,0,1
22,0,0,0,0
18,0,0,0,0
13,0,0,0,1
5,0,0,0,4
28,0,0,0,0
5,0,0,0,0
10,0,0,0,1
16,0,0,0,0
45,0,0,0,0
8,0,0,0,0
18,0,0,0,0
6,0,0,0,0
23,0,0,0,0
17,1,0,0,0
51,0,0,0,0
8,0,1,0,0
19,1,0,0,0
18,0,0,0,0
39,0,0,0,0
35,0,0,0,3
33,0,0,0,0
33,0,1,0,0
13,0,0,0,0
46,0,0,0,0
10,0,0,0,0
9,1,0,0,0
15,0,1,0,0
17,0,0,0,0
23,0,0,0,0
40,0,0,0,0
7,2,0,0,0
18,0,0,0,0
17,0,0,0,0
10,0,0,0,0
44,0,0,0,2
9,0,0,0,0
19,0,0,0,0
2,0,0,0,0
12,0,0,0,1
8,0,0,0,0
21,0,0,0,0
21,0,0,2,2
11,0,0,0,2
14,1,2,0,0
17,1,0,0,0
37,0,0,0,2
15,0,2,0,0
16,0,0,0,0
12,0,0,0,0
17,1,0,0,0
4,0,0,0,1
19,0,0,0,1
37,0,0,0,2
12,0,0,0,0
20,1,0,0,0
20,1,0,0,0
24,0,0,0,0
14,0,0,0,0
45,0,0,0,0
9,0,0,0,0
11,0,0,0,1
12,0,0,0,0
23,0,0,0,0
10,0,0,0,0
10,0,0,0,2
47,0,1,0,0
40,0,0,0,2
7,0,0,0,0
12,0,0,0,0
23,0,0,0,1
24,0,0,0,0
6,0,0,0,0
32,0,0,0,0
11,0,0,0,0
18,0,0,0,0
22,0,0,0,0
9,0,2,0,0
8,1,0,0,0
43,0,1,0,0
32,0,0,0,0
11,0,0,0,0
14,0,0,0,0
4,0,0,0,0
9,0,0,0,0
13,0,0,0,10
8,0,0,0,0
33,0,1,0,0
31,0,0,0,2
20,0,0,0,0
21,0,0,0,0
36,0,0,0,2
43,0,0,0,1
40,0,0,2,2
5,0,0,0,0
24,0,0,0,0
14,0,0,0,0
20,0,0,0,1
28,0,0,0,0
11,0,0,0,0
22,1,0,0,0
13,0,0,0,0
56,0,1,0,0
5,0,3,1,0
4,0,0,0,0
21,0,5,0,1
8,0,0,0,0
5,0,0,0,0
17,0,0,0,0
27,0,1,0,0
8,0,0,0,0
18,0,0,0,0
46,0,0,0,0
8,0,0,0,0
8,0,0,0,0
34,0,0,0,3
7,0,0,0,1
41,1,0,0,4
49,0,0,0,0
45,0,0,0,1
21,0,0,0,0
13,0,0,0,0
31,0,0,0,0
5,0,0,0,0
8,0,0,0,0
41,0,0,0,1
26,0,0,0,0
20,0,2,0,0
13,0,0,0,1
20,0,0,0,0
17,0,0,0,0
37,0,0,0,0
46,0,0,0,0
17,1,0,0,0
6,0,0,0,1
5,0,1,0,0
7,0,0,0,0
20,0,0,0,0
5,0,0,0,0
13,0,0,0,1
12,0,0,0,0
39,0,0,0,3
10,0,0,0,0
17,0,0,0,1
33,0,0,0,0
23,1,0,0,0
18,0,0,0,1
15,0,0,0,0
9,0,0,0,0
9,0,0,0,1
14,0,0,0,0
31,0,1,0,1
13,0,0,0,0
7,0,0,0,1
18,0,0,0,1
42,0,0,0,0
32,0,2,0,32
31,0,0,1,3
13,0,0,0,0
4,0,0,0,0
12,0,0,0,0
7,0,0,0,0
14,0,0,0,4
8,0,0,0,1
2,0,0,0,0
15,0,0,0,0
11,0,0,0,1
13,0,0,0,0
27,0,0,0,2
14,1,0,0,0
11,0,1,0,0
28,0,1,0,4
16,0,1,0,0
8,0,0,0,0
18,0,3,0,0
11,0,0,0,0
15,0,0,2,0
27,0,0,0,1
12,0,0,0,1
8,0,0,0,0
28,0,0,0,0
5,0,0,0,1
6,0,0,0,0
10,0,0,0,0
29,0,0,0,0
7,0,0,0,0
20,0,0,0,0
24,0,0,0,2
33,0,0,0,0
13,0,0,0,0
48,0,2,1,1
45,0,2,0,2
11,0,0,0,1
38,1,0,0,0
2,0,0,0,0
46,5,0,0,1
10,0,0,0,0
29,0,1,0,0
12,0,1,0,0
9,0,0,0,0
13,0,0,0,1
13,0,0,0,0
21,0,0,0,0
10,0,1,0,1
7,0,0,0,1
18,0,0,0,0
10,0,0,0,0
40,1,3,0,0
16,0,0,0,0
12,0,0,0,0
8,0,0,0,0
10,0,0,0,0
35,0,0,0,0
9,0,1,0,0
17,0,0,0,2
8,0,0,0,0
32,0,0,0,0
5,0,0,0,0
28,0,0,0,0
16,0,0,0,1
39,0,1,0,0
8,0,0,0,0
23,1,0,0,0
13,0,0,0,0
25,0,0,0,0
22,1,0,0,0
10,0,0,2,0
23,0,0,0,9
10,0,0,0,0
14,0,0,0,0
13,0,0,0,0
9,0,0,0,0
19,0,0,0,3
20,1,0,0,0
10,0,0,0,0
16,0,0,0,1
4,0,0,0,0
13,0,0,0,0
11,0,0,0,0
18,1,0,0,0
5,2,0,0,0
10,0,0,0,0
4,0,0,0,0
17,0,0,0,0
42,0,0,0,0
14,0,0,0,0
19,1,0,0,1
16,0,0,0,14
3,0,0,0,0
34,0,1,0,0
15,0,0,0,0
6,0,0,0,0
18,0,1,0,0
19,0,1,0,0
21,1,0,0,0
22,0,0,0,2
6,0,0,0,0
9,0,0,0,0
3,0,0,0,0
11,0,0,0,11
11,0,0,0,0
26,0,0,0,0
16,0,0,0,0
28,0,1,0,0
12,0,0,0,0
17,0,0,0,0
40,0,0,0,2
2,0,0,0,0
43,0,0,1,0
20,0,0,0,0
36,0,0,0,0
40,0,0,0,1
30,0,0,0,1
30,0,0,0,0
21,0,0,0,0
26,0,0,0,0
21,0,0,0,1
12,0,0,0,0
27,0,0,0,0
6,0,0,0,2
11,0,0,0,0
14,0,0,0,0
9,0,0,0,1
7,0,0,0,0
4,0,0,0,0
18,0,0,0,0
11,0,1,0,0
18,0,0,0,0
13,0,0,0,0
11,0,0,0,0
42,0,0,0,37
2,0,0,0,0
31,0,0,0,0
2,0,0,0,0
7,0,0,0,0
12,0,0,0,0
21,0,0,0,0
24,0,0,0,0
23,0,0,0,0
3,0,0,0,0
11,1,0,0,2
20,0,1,0,0
6,0,1,0,0
39,0,0,0,0
10,0,0,0,0
16,1,0,0,0
33,0,0,0,4
20,0,0,0,0
10,0,0,0,0
9,0,0,0,1
20,0,0,0,0
35,0,0,0,1
9,0,0,0,0
41,0,0,0,0
13,0,0,0,0
49,0,2,0,3
34,3,0,0,5
13,0,0,0,0
37,0,0,0,1
24,0,1,0,0
11,0,0,0,0
25,0,0,0,1
13,0,0,0,0
35,0,2,0,2
21,0,0,0,0
15,0,0,0,0
30,0,0,0,1
21,0,0,0,0
19,0,0,0,0
15,0,0,0,0
3,0,0,0,2
11,1,0,0,0
14,0,2,0,1
17,0,0,0,0
4,0,0,0,0
35,0,0,0,0
9,0,0,0,0
8,0,0,0,0
15,0,0,0,0
8,0,0,0,1
7,0,0,0,1
35,0,0,0,0
9,0,0,0,0
21,0,0,0,0
17,1,0,0,0
14,0,0,0,0
4,0,0,0,0
17,0,0,0,1
18,0,0,0,0
7,0,0,0,0
16,0,0,0,0
16,1,0,0,0
13,0,0,0,0
19,1,0,0,0
18,0,2,0,1
21,0,0,0,0
10,0,1,0,0
16,0,0,0,1
12,0,0,0,0
9,0,0,0,0
19,0,0,0,0
9,0,0,0,0
9,0,0,0,0
22,0,0,0,0
10,0,0,0,0
18,0,0,0,0
43,0,0,0,0
16,0,0,0,1
17,1,0,0,0
20,0,0,0,1
32,0,0,0,0
24,0,1,0,0
9,0,0,0,0
9,0,0,0,0
5,0,0,0,0
4,0,3,0,0
17,0,0,0,0
29,0,0,0,3
8,0,0,0,0
15,0,0,0,0
16,0,0,0,0
3,0,0,0,0
32,0,0,0,0
46,0,0,0,0
37,0,0,0,0
16,0,0,0,2
19,1,0,0,0
13,0,1,0,0
10,0,0,0,0
13,0,0,0,1
8,0,1,0,0
5,0,0,0,0
10,0,0,0,0
33,0,0,0,1
20,1,0,0,0
18,0,0,0,1
15,0,0,0,0
9,0,0,0,0
32,0,0,0,0
32,0,5,0,1
6,0,0,0,0
27,0,0,0,2
18,1,0,0,0
14,0,0,0,0
28,0,1,0,0
4,0,1,0,0
21,0,0,0,0
6,0,0,0,6
42,0,1,0,2
23,1,0,0,0
11,0,0,0,0
44,1,1,0,0
15,0,0,0,0
4,0,0,0,0
24,0,0,0,0
15,0,1,0,3
23,1,0,0,0
3,0,0,0,0
21,0,0,0,0
15,0,0,0,1
15,0,0,0,1
37,0,1,0,0
20,0,0,0,0
8,0,0,0,0
20,0,0,0,1
24,0,0,0,0
6,0,0,0,0
8,0,0,0,0
42,0,0,0,1
8,0,0,0,0
5,0,0,0,0
13,0,0,0,0
24,0,0,0,3
21,0,0,0,0
53,0,0,0,0
37,0,0,0,19
37,0,0,0,7
3,0,0,0,0
8,0,0,0,7
18,0,0,0,0
5,0,0,0,0
25,0,0,0,0
9,0,0,0,9
21,0,0,0,0
19,1,0,0,0
35,0,1,0,8
12,0,0,0,0
7,0,0,0,0
3,0,0,0,0
4,0,0,0,0
18,0,0,0,1
3,0,0,0,0
25,0,0,0,1
16,0,0,0,1
17,0,0,0,0
19,0,0,0,7
6,0,0,0,0
19,0,0,0,0
43,0,0,0,0
8,0,0,0,0
19,0,0,0,0
25,0,0,0,0
11,0,0,0,0
15,0,0,0,0
50,0,2,0,0
37,0,0,0,1
8,0,0,0,0
34,0,0,0,0
44,1,0,0,0
16,0,0,0,0
6,0,0,0,0
18,1,0,0,0
16,0,0,0,1
19,1,0,0,0
41,0,0,0,0
20,0,0,0,0
10,0,0,0,6
5,0,0,0,0
10,0,0,0,0
26,0,0,0,0
36,0,1,0,0
17,0,0,0,0
4,0,0,0,1
33,0,0,0,0
11,0,0,0,0
11,0,0,0,0
32,0,0,0,0
15,0,1,0,0
11,0,0,0,0
14,0,0,0,0
22,0,0,0,1
30,0,0,0,0
41,0,0,0,0
39,0,0,0,1
4,0,1,0,0
5,0,0,0,0
10,0,0,0,0
43,0,2,0,0
17,0,0,0,2
31,0,0,0,1
10,0,0,0,0
10,0,0,0,0
13,0,0,0,0
39,0,0,0,0
25,0,0,0,1
26,0,0,0,0
17,0,0,0,0
6,0,0,0,0
20,1,0,0,0
13,0,0,0,0
21,0,0,0,0
9,0,0,0,0
8,0,0,0,1
13,0,0,0,0
15,0,0,0,0
8,0,0,0,0
37,0,0,0,0
25,0,0,0,0
5,0,0,0,0
27,0,1,0,3
38,0,0,0,0
42,0,0,0,0
43,0,0,0,1
4,0,0,0,0
5,0,0,0,0
8,0,0,0,0
11,0,0,0,0
40,0,0,0,0
19,0,0,0,0
16,0,0,0,0
26,0,1,1,0
9,0,0,0,0
3,0,0,0,0
43,0,0,0,0
12,0,0,0,4
7,0,0,0,0
5,0,0,0,0
10,0,0,0,0
8,0,0,2,0
20,0,0,0,0
43,0,0,0,0
42,0,0,0,0
5,0,0,0,0
22,0,0,0,0
25,0,0,0,2
30,0,0,0,6
27,0,1,0,0
12,0,0,0,0
51,0,0,0,2
44,0,0,0,0
8,0,0,0,0
6,0,0,0,0
5,0,0,0,0
16,1,0,0,0
9,0,1,0,0
5,0,0,0,0
2,0,0,0,0
6,0,0,0,0
9,0,0,0,0
43,0,2,0,2
18,1,0,0,0
21,1,0,0,0
38,0,0,0,0
29,0,0,0,0
15,1,0,0,0
32,0,0,0,0
6,0,0,0,0
19,1,0,0,0
30,0,0,0,0
27,0,0,0,0
35,0,0,0,0
16,0,0,0,0
13,0,0,0,0
25,0,0,0,0
6,0,0,0,0
5,0,0,0,0
19,1,0,0,0
39,0,0,0,0
18,0,0,0,0
10,0,0,0,0
9,0,0,0,0
13,0,0,0,1
31,0,1,0,6
8,0,0,0,1
43,0,0,0,0
14,0,0,0,1
26,0,0,0,0
18,1,0,0,0
40,0,0,0,1
15,0,0,0,0
23,0,0,0,0
7,0,0,0,0
23,0,0,0,0
19,0,0,0,1
4,0,0,0,0
10,0,0,0,0
38,0,1,0,0
20,1,0,0,0
3,0,0,0,0
4,0,0,0,0
15,0,1,0,0
15,0,0,0,0
5,0,0,0,0
14,0,0,0,0
5,0,0,0,4
32,0,0,0,0
37,0,4,0,0
44,0,0,0,0
13,0,1,0,0
30,1,0,0,0
6,0,0,0,0
11,0,0,0,0
8,0,1,0,0
10,0,0,0,0
15,0,0,0,1
13,0,0,0,0
22,1,0,0,0
10,0,0,0,0
14,0,0,0,0
18,0,0,0,1
11,0,0,0,0
20,1,0,0,0
10,0,0,0,4
20,0,0,0,0
43,0,0,0,2
35,0,0,0,0
23,0,0,0,0
17,0,0,0,0
12,0,1,0,0
5,0,0,0,0
22,0,0,0,0
13,0,0,0,0
1,0,0,0,0
9,0,0,0,0
5,0,0,0,1
3,0,0,0,0
26,0,0,0,1
2,0,0,0,0
19,0,0,0,2
8,0,1,0,2
5,0,0,0,0
10,0,0,0,3
21,1,0,0,1
15,0,0,0,0
22,0,1,0,0
9,0,0,0,0
10,0,0,0,1
14,0,0,0,0
11,0,0,0,0
37,0,4,0,0
19,0,1,0,0
21,0,0,0,0
4,0,0,0,0
20,0,0,0,0
5,0,0,0,0
3,0,0,0,0
41,0,0,0,2
22,0,0,1,0
28,0,0,0,1
10,0,0,0,0
9,0,0,0,0
29,0,0,0,0
5,0,0,0,0
20,0,0,0,0
10,0,0,0,0
3,0,0,0,0
25,0,0,0,0
36,0,0,0,0
11,0,0,0,2
2,0,0,0,0
18,0,1,0,1
10,0,0,0,0
45,0,0,0,0
18,0,0,0,0
35,0,1,0,0
2,0,0,0,0
29,0,0,0,0
6,0,0,0,0
15,1,0,0,0
16,1,0,0,0
9,0,0,0,0
11,0,0,0,0
31,0,2,0,2
34,0,1,0,0
14,0,0,0,0
20,1,0,0,0
41,2,0,0,8
21,4,1,0,1
7,0,0,0,0
23,0,0,0,0
9,0,0,0,0
27,0,0,0,0
11,0,0,0,0
10,0,0,0,0
36,0,0,0,1
14,0,0,0,0
16,0,0,0,0
4,0,0,0,0
12,0,0,0,1
9,0,0,0,1
5,0,0,0,0
14,0,0,0,0
17,0,1,0,0
17,0,0,0,0
21,0,0,2,0
8,0,0,0,0
17,1,0,0,0
46,0,0,0,4
2,0,0,0,0
11,0,0,0,0
27,0,0,0,1
17,2,0,0,0
4,0,0,0,0
15,0,0,0,1
24,0,7,0,1
5,0,0,0,0
12,0,0,0,0
30,1,0,0,6
20,0,0,0,2
21,0,0,0,0
6,0,0,0,0
5,0,0,0,0
24,0,5,0,0
8,0,0,0,0
4,0,0,0,0
11,0,0,0,1
11,0,0,0,0
6,0,0,0,0
21,0,1,0,0
11,0,0,0,0
17,1,0,0,0
19,1,0,0,0
10,0,0,0,1
46,0,0,0,0
28,0,0,0,1
19,0,0,0,0
18,0,0,0,1
3,0,0,0,0
21,1,0,0,1
8,0,0,0,3
19,0,0,0,0
12,0,0,0,0
30,0,0,0,0
24,0,0,0,0
16,0,0,0,0
6,0,0,0,0
8,0,1,0,0
9,0,0,0,0
17,0,0,0,0
7,0,0,0,0
7,0,0,0,0
4,0,0,0,0
10,0,0,0,1
15,1,0,0,0
8,0,0,0,0
19,1,0,0,1
27,0,0,0,0
14,0,0,0,0
42,0,0,0,3
17,0,0,0,0
11,0,0,0,0
5,0,0,0,0
7,0,0,0,2
17,0,0,0,0
5,0,0,0,0
14,0,0,0,0
18,0,0,2,2
24,0,0,0,0
9,0,0,0,0
7,0,0,0,0
5,0,0,0,0
3,0,0,0,0
14,0,0,0,0
3,0,0,0,0
10,0,0,0,0
20,0,0,0,0
18,0,1,0,0
24,0,1,0,0
6,0,0,0,0
13,0,0,0,0
11,0,0,0,0
15,0,0,0,0
22,0,0,0,0
19,1,0,0,1
7,0,0,0,0
14,0,0,0,0
13,0,0,0,0
21,1,0,0,0
16,0,0,0,0
14,0,0,0,0
14,0,0,0,0
12,0,0,0,0
41,2,0,0,0
10,0,0,0,0
22,0,0,0,0
13,0,0,0,0
6,0,0,0,0
8,0,0,0,0
17,0,0,0,0
23,0,0,0,0
23,1,0,0,0
3,0,0,0,1
4,1,0,0,0
18,0,1,0,0
3,0,0,0,0
30,0,0,0,0
14,0,0,0,0
44,0,0,0,3
39,0,0,0,0
20,1,0,0,0
4,0,0,0,0
13,0,0,0,0
7,0,0,0,0
50,0,0,0,0
19,1,0,0,0
40,0,0,0,0
16,0,0,0,0
20,1,0,0,0
34,0,0,0,0
10,0,0,0,0
2,0,0,0,0
11,0,0,0,0
3,0,0,0,0
21,0,0,0,0
46,0,0,0,0
8,0,0,0,0
10,0,0,0,0
24,0,0,0,0
36,0,0,0,0
8,0,0,0,0
15,0,2,0,0
11,0,0,0,0
12,0,0,0,1
27,0,0,0,1
5,0,0,0,0
39,0,0,0,2
30,0,0,0,0
17,1,0,0,0
17,0,0,0,0
50,0,1,0,0
17,1,0,0,0
9,0,0,0,0
27,0,0,0,0
11,0,0,0,0
19,0,0,0,0
37,0,2,0,0
16,0,0,0,0
19,0,0,0,0
9,0,0,0,0
26,0,0,0,0
33,0,1,0,0
29,0,0,0,0
12,0,0,0,0
6,0,0,0,0
10,0,0,0,0
11,0,0,0,0
9,0,1,0,0
3,0,0,0,0
23,0,0,0,0
26,0,0,0,2
8,0,0,0,0
21,0,0,0,0
6,0,0,0,0
44,0,0,0,0
9,0,0,0,0
27,0,2,0,0
22,0,0,0,0
20,0,0,0,0
5,0,0,0,0
36,0,0,0,1
23,0,0,0,0
28,0,0,0,0
8,0,0,0,0
45,0,0,0,0
17,0,0,0,0
14,0,0,0,0
14,0,0,0,0
44,0,0,0,0
18,0,2,0,0
10,0,0,0,0
11,0,0,0,1
7,0,0,0,0
13,0,1,0,1
8,0,0,0,0
14,0,0,0,0
14,0,1,0,0
22,0,0,0,5
24,0,0,0,0
7,0,0,0,0
3,0,0,0,3
17,0,0,0,0
9,0,0,0,0
44,0,0,0,2
20,0,0,0,0
12,0,0,0,0
9,0,0,2,1
22,0,4,0,0
23,0,0,0,0
14,0,0,0,0
5,0,1,0,0
5,0,0,0,0
21,1,1,0,0
20,1,0,0,0
11,0,0,0,0
12,0,0,0,0
45,0,0,0,2
28,1,0,0,0
5,0,0,0,0
30,0,1,0,0
31,0,0,0,0
31,0,1,0,0
6,0,1,0,1
15,0,0,0,0
35,0,0,0,3
7,0,0,0,0
4,0,0,0,0
10,0,0,0,0
15,0,0,0,0
9,0,0,0,0
8,0,1,0,0
4,0,3,0,0
20,0,0,0,0
6,0,0,0,0
6,0,1,0,0
12,0,0,0,0
21,0,0,0,0
33,0,6,0,0
46,0,0,0,0
32,0,0,0,4
9,0,0,0,0
31,0,0,0,0
20,0,0,0,0
34,0,0,0,0
23,0,0,0,3
18,0,0,0,0
6,0,0,0,0
29,0,0,0,0
8,0,0,0,1
9,0,0,0,1
15,0,0,0,0
13,0,0,0,1
22,3,0,0,0
17,0,0,0,0
40,6,0,0,8
19,0,0,0,0
2,1,1,0,0
47,0,0,0,1
14,0,0,0,0
16,0,0,0,0
9,0,0,0,0
8,0,0,0,0
32,0,0,0,0
27,0,1,0,0
16,0,0,0,0
20,0,0,0,0
21,0,0,0,0
4,0,0,0,0
9,0,0,0,0
10,0,1,0,0
7,0,0,0,0
17,0,0,0,0
31,0,0,0,1
8,0,0,0,0
13,0,0,0,0
6,2,0,0,0
37,0,1,0,0
20,1,0,0,0
18,1,0,0,0
5,0,0,0,0
8,0,0,0,0
11,0,0,0,0
13,0,0,0,0
10,0,0,0,0
10,0,0,0,0
12,0,0,0,0
19,0,0,0,0
34,0,0,0,3
18,1,0,0,0
16,0,0,0,0
8,0,0,0,0
8,0,0,0,2
24,0,0,0,0
18,0,0,0,0
14,0,0,0,0
6,0,0,0,0
13,0,0,0,0
7,0,0,0,0
9,0,0,0,1
17,1,0,0,0
8,0,0,0,0
20,0,0,0,0
13,0,0,0,1
12,0,0,0,0
50,0,0,0,0
39,0,0,0,0
22,0,0,0,0
8,0,0,0,0
25,0,1,2,1
14,0,0,0,0
17,1,0,0,0
44,0,1,0,1
18,1,2,0,0
23,0,0,0,1
17,0,1,0,0
32,0,0,0,2
22,1,0,0,0
43,0,0,0,8
6,0,0,0,1
2,0,0,0,0
9,0,0,0,1
26,0,0,0,2
15,0,0,0,0
38,1,0,0,1
21,1,0,0,0
24,0,0,0,0
16,0,0,0,0
16,1,0,0,0
12,0,0,0,0
44,0,0,1,1
11,0,0,0,0
20,0,0,0,0
20,1,0,0,0
12,0,0,0,0
23,0,0,0,0
38,0,0,1,0
16,0,0,0,0
8,0,0,0,0
7,0,0,0,0
5,0,3,0,0
5,0,0,0,0
7,0,0,0,1
7,0,0,0,0
40,0,2,0,0
37,0,0,0,0
16,0,0,0,0
21,0,0,0,0
46,0,0,0,0
11,0,0,0,1
16,0,0,0,1
26,0,0,0,0
6,0,0,0,0
37,0,0,0,0
10,0,0,0,0
5,0,0,0,0
11,0,0,0,0
22,0,0,0,1
30,0,0,0,1
23,0,0,1,0
16,1,0,0,0
21,0,0,0,2
9,0,0,0,0
4,0,0,0,0
10,0,0,0,0
7,0,0,0,0
24,0,0,0,0
21,1,0,0,0
15,0,2,0,0
18,0,0,0,1
12,0,0,0,1
10,0,0,0,0
20,0,0,0,0
18,0,0,0,1
27,0,0,0,0
11,0,1,0,0
11,2,0,0,0
14,0,0,0,0
24,0,0,0,0
11,0,0,0,0
30,0,0,0,0
16,1,0,0,0
37,0,0,0,0
6,0,0,0,0
30,0,0,0,0
3,0,0,0,0
26,0,0,0,0
18,0,0,0,1
10,0,0,0,0
26,3,0,0,0
6,0,0,0,0
11,0,1,0,0
9,0,0,0,0
22,1,0,0,0
12,0,0,0,0
18,1,0,0,1
4,0,0,0,0
8,0,0,0,0
8,0,0,0,0
9,0,0,0,0
10,0,0,0,0
8,0,0,0,2
14,0,0,0,0
11,0,0,0,0
41,1,5,1,1
12,1,0,0,0
13,0,0,0,1
18,0,0,0,0
5,0,0,0,1
21,0,0,0,1
13,0,0,0,0
1,0,0,0,0
15,0,0,0,0
33,0,0,0,1
24,0,0,0,0
6,0,0,0,0
17,0,0,0,0
12,0,0,0,0
45,0,0,0,3
45,0,0,0,1
6,0,0,0,0
44,0,0,0,0
32,0,4,0,1
8,0,1,0,0
15,0,0,0,0
5,0,0,0,0
25,0,0,0,0
17,0,0,0,4
6,0,0,0,0
8,0,0,0,0
42,1,0,0,0
8,0,0,0,0
17,0,0,0,0
17,0,1,0,0
49,0,0,0,0
16,0,0,0,0
5,0,0,0,0
20,1,0,0,0
41,0,0,0,0
15,0,0,0,1
39,0,0,0,0
10,0,1,0,0
9,0,0,0,0
13,0,0,0,0
46,0,0,0,1
38,0,0,0,0
20,1,0,0,0
38,0,0,0,11
41,0,1,1,0
19,0,0,0,1
15,0,0,0,0
10,0,0,0,0
4,0,0,0,0
17,0,0,0,0
17,0,1,0,0
14,0,0,0,0
14,0,0,0,0
13,0,0,0,1
5,0,0,0,0
42,0,0,0,0
11,0,0,0,0
8,0,0,0,0
19,0,0,0,0
15,0,0,0,0
15,0,0,0,0
10,0,0,0,1
16,0,0,0,0
25,0,0,0,1
20,1,0,0,0
17,0,0,0,0
25,0,0,0,2
41,0,0,0,1
22,0,0,0,0
18,0,0,0,0
25,0,3,0,0
35,0,2,0,1
19,0,0,0,3
5,0,0,0,0
22,0,0,0,0
5,0,0,0,0
6,0,0,0,0
23,0,1,0,0
10,0,0,0,0
15,0,0,0,0
19,0,0,0,1
13,0,0,0,1
11,0,0,0,0
25,0,0,0,0
44,0,0,0,0
10,0,0,0,0
6,0,0,0,0
25,0,0,0,0
47,0,0,0,0
19,0,0,0,0
7,0,0,0,0
7,2,1,0,0
4,0,0,0,0
3,0,0,0,0
19,0,0,0,0
4,3,0,0,0
10,0,0,0,0
39,0,0,0,27
5,0,0,0,0
16,0,0,0,0
51,0,0,0,1
26,0,0,0,0
6,0,0,0,0
8,0,0,0,0
13,0,0,0,0
16,2,0,0,0
30,0,0,0,1
26,0,0,0,0
12,0,0,0,0
14,1,0,0,0
16,0,0,0,1
5,0,0,0,4
6,0,0,0,0
20,0,0,0,0
8,0,1,0,0
41,0,0,0,0
15,0,0,0,1
31,0,0,0,0
45,0,0,0,0
16,0,1,0,0
13,0,0,0,0
20,1,0,0,0
14,0,0,0,1
23,0,0,0,1
34,0,0,0,0
8,1,0,0,0
42,0,0,0,0
9,0,0,0,0
22,0,0,0,0
13,0,0,0,0
4,0,1,0,0
5,0,0,0,1
31,0,0,0,0
37,0,0,0,0
23,0,0,0,3
11,0,0,0,0
30,0,0,0,0
13,0,0,0,0
21,0,0,0,1
11,0,0,0,1
16,0,0,0,0
9,0,0,0,0
22,1,0,0,0
13,0,0,0,0
13,0,0,0,0
13,0,0,0,0
20,1,0,0,0
12,0,0,0,0
20,1,0,0,0
16,1,0,0,0
9,0,0,0,0
11,0,0,0,0
7,0,0,0,0
19,0,0,0,0
6,0,0,0,0
9,0,0,0,0
7,0,0,0,0
6,0,0,0,0
21,0,0,0,0
10,0,0,0,0
10,0,0,0,0
9,0,0,0,0
7,0,0,0,0
19,1,0,0,0
19,0,0,0,1
10,0,0,0,0
22,0,0,0,0
18,1,0,0,16
11,0,0,0,0
7,0,0,0,0
13,1,0,0,0
28,0,0,0,0
19,0,0,0,2
11,0,1,0,7
8,1,2,0,8
40,0,0,0,30
4,0,0,0,0
3,0,0,0,0
19,1,0,0,0
25,0,0,0,0
31,0,0,0,1
26,0,0,0,0
7,0,0,0,0
17,0,0,0,0
13,0,0,0,0
28,0,3,0,1
20,1,0,0,1
16,0,1,0,0
13,0,0,0,0
27,0,0,0,0
14,0,0,0,0
42,0,0,0,2
22,0,0,0,0
4,0,0,0,0
42,0,0,0,2
33,0,0,0,0
15,0,0,0,1
12,0,0,0,0
20,0,1,0,0
11,0,0,0,0
23,0,0,0,0
28,0,0,0,12
5,0,0,0,0
12,0,0,0,0
7,0,0,0,0
24,0,0,0,0
22,0,0,0,0
9,0,1,2,0
12,0,1,0,0
23,0,1,0,2
11,0,0,0,0
8,0,0,0,8
9,0,0,0,0
15,0,0,0,0
15,0,0,0,0
24,1,0,0,0
4,0,0,0,0
4,0,0,0,0
17,1,0,0,0
2,0,0,0,0
12,0,0,0,0
23,0,0,0,0
8,0,1,0,0
24,0,0,0,0
37,0,0,0,0
13,0,0,0,0
5,0,0,0,0
18,0,0,0,0
12,0,0,0,1
17,0,0,0,1
14,0,0,0,0
23,0,2,0,3
4,0,0,0,4
21,0,0,0,0
14,0,0,0,0
5,0,0,0,0
13,0,0,0,0
21,1,0,0,0
16,0,0,0,1
5,0,0,0,0
11,0,0,0,0
3,0,1,0,0
18,0,3,0,0
16,0,0,0,0
11,0,0,0,0
21,1,0,0,0
37,0,0,0,3
12,0,0,0,0
18,1,0,0,0
40,0,0,0,0
7,0,0,0,6
20,0,0,0,0
5,0,1,0,1
23,0,0,0,0
48,0,0,0,2
29,0,1,0,0
10,0,0,0,0
18,1,0,0,0
6,0,0,0,0
28,0,0,0,1
17,0,0,0,0
12,0,0,0,0
20,1,0,0,0
12,0,0,0,0
4,0,0,0,0
10,0,0,0,0
35,0,0,0,3
25,0,0,0,0
18,0,0,0,1
5,0,0,0,3
14,0,0,0,0
22,0,0,0,1
10,0,0,0,0
16,0,0,0,0
7,0,0,0,0
8,0,0,0,1
27,0,0,0,0
33,0,0,0,0
11,0,2,0,0
5,0,1,0,0
16,1,0,0,0
14,0,0,0,0
5,0,0,0,0
18,1,0,0,0
23,0,0,0,1
8,0,0,0,0
13,0,0,0,0
18,0,0,0,4
15,0,0,0,0
39,0,0,0,1
50,0,0,0,6
13,0,0,0,0
13,0,0,0,0
16,0,0,0,0
6,0,0,0,0
24,0,1,0,0
6,0,0,0,0
14,0,1,0,0
16,0,0,0,0
8,0,0,0,0
8,0,1,0,0
6,0,0,0,0
47,0,2,0,0
26,0,0,0,0
30,0,2,0,0
37,0,0,0,4
20,0,0,0,0
29,1,0,0,0
29,0,0,0,0
20,0,0,0,0
44,0,0,2,0
15,0,0,0,0
11,0,0,0,0
20,0,0,0,1
10,0,1,0,0
12,0,0,0,0
40,0,0,0,1
20,0,0,0,1
21,0,0,0,0
23,0,0,0,2
5,0,0,0,0
14,0,0,0,2
16,0,0,0,0
12,0,2,0,1
5,0,0,0,0
22,0,0,0,0
44,0,0,0,1
36,0,2,1,0
44,0,0,0,0
30,0,0,0,2
21,0,0,0,0
12,0,0,0,1
30,3,0,0,0
18,0,0,0,0
8,1,0,0,1
18,0,0,0,0
22,0,0,0,1
21,0,0,1,5
14,0,0,0,0
7,0,0,0,0
42,0,1,0,0
37,0,0,0,0
31,0,0,0,1
33,0,0,0,0
13,0,0,0,2
12,0,0,0,0
21,0,0,0,2
13,0,0,0,0
36,0,0,0,0
6,0,0,0,0
4,0,0,0,0
6,0,0,0,0
20,0,0,0,0
7,0,0,0,0
18,1,0,0,0
19,1,0,0,0
11,0,0,0,0
40,0,0,0,0
19,0,0,0,0
4,0,0,0,0
17,0,0,0,0
19,0,0,0,2
10,0,0,0,0
39,0,5,0,0
10,0,0,0,0
11,0,0,0,0
13,1,0,0,1
23,0,0,0,0
21,0,0,0,0
7,0,0,0,1
11,0,0,0,1
19,1,0,0,0
12,0,0,0,0
20,2,0,0,2
8,0,0,0,0
11,0,0,0,2
16,0,0,0,1
45,0,0,0,0
36,0,0,0,0
34,0,0,0,0
15,0,0,0,0
14,0,0,0,0
22,0,0,0,0
11,0,0,0,0
23,6,1,0,0
3,0,0,0,1
12,0,0,0,0
20,1,0,0,0
17,0,0,0,0
9,0,0,0,0
11,0,0,0,0
30,0,0,0,0
6,0,0,0,0
29,0,0,0,0
10,0,0,0,1
23,0,0,0,0
17,0,0,0,0
9,0,0,0,0
17,0,0,0,0
4,0,0,0,0
12,0,0,0,12
38,0,0,0,3
46,0,1,0,0
41,0,0,0,1
10,0,0,0,0
25,0,0,0,0
10,0,2,0,0
17,1,0,0,0
16,0,0,0,0
21,0,0,0,0
21,1,0,0,0
23,0,0,0,0
19,3,0,0,3
31,0,0,0,1
16,0,0,0,1
10,0,0,0,4
15,1,0,0,0
8,0,0,0,0
10,0,0,0,0
6,0,0,0,0
5,0,0,0,0
23,0,0,0,0
33,0,0,0,0
3,0,0,0,0
9,0,0,0,0
23,0,0,0,0
22,0,2,0,1
1,0,0,0,0
25,0,0,0,1
19,0,0,0,0
19,1,0,0,0
15,0,0,0,1
17,1,0,0,0
28,0,0,0,0
21,0,0,0,0
10,0,0,0,1
6,0,0,0,0
9,0,0,0,0
20,1,0,0,0
12,0,1,0,0
16,0,0,0,0
8,0,0,0,0
14,0,0,0,0
21,0,0,0,1
6,0,0,0,1
5,0,0,0,0
36,0,0,0,1
12,0,0,0,0
46,0,0,0,0
47,0,0,0,1
7,0,1,0,0
18,0,0,0,0
16,0,0,0,0
11,0,1,0,0
4,0,0,0,0
20,1,0,0,1
8,0,0,0,0
19,0,0,0,0
32,0,2,0,0
21,1,0,0,0
9,0,0,0,0
10,0,0,0,0
27,0,1,0,0
11,0,0,0,0
15,0,0,0,0
24,0,0,0,0
48,0,1,0,1
4,0,0,0,0
3,0,0,0,0
45,0,0,0,0
15,0,0,0,0
27,0,0,0,0
8,3,0,0,0
10,0,0,0,0
7,0,0,0,0
14,1,0,0,0
9,0,0,0,0
7,0,1,0,0
38,0,0,0,0
14,0,0,0,0
20,0,0,0,1
14,0,0,0,0
47,0,0,0,0
13,0,0,0,7
45,0,0,0,0
5,0,0,0,0
16,1,0,0,0
23,0,1,0,0
3,0,0,0,0
23,0,0,0,0
24,0,0,0,1
10,0,1,0,1
28,0,0,0,0
5,0,0,0,0
9,0,0,0,0
24,0,2,0,0
5,0,0,0,0
19,0,0,0,0
5,0,0,0,0
1,0,0,0,0
24,0,3,0,19
10,0,0,0,0
9,0,0,0,0
11,0,0,0,0
12,0,0,0,0
9,0,0,0,0
4,0,0,0,0
21,0,0,0,0
14,0,0,0,0
43,0,0,0,0
24,2,0,0,3
7,0,0,0,0
9,0,0,0,0
44,0,0,0,1
19,1,0,0,1
24,0,1,0,0
14,0,0,0,1
15,0,0,0,0
33,0,3,0,0
8,0,0,0,0
10,0,0,0,8
25,0,0,0,0
25,0,1,0,0
40,0,1,0,2
11,0,0,0,0
34,0,0,0,0
9,0,0,0,0
6,0,0,0,0
16,0,0,0,1
8,0,1,0,0
41,0,0,0,0
17,1,0,0,0
21,0,0,0,0
24,0,0,0,0
18,0,0,0,0
42,0,0,0,0
21,0,0,0,0
11,0,0,0,0
5,0,4,0,0
11,0,0,0,0
5,0,0,0,0
38,1,0,0,1
13,0,0,0,0
19,1,0,0,0
8,0,0,0,0
19,1,0,0,0
4,0,0,0,0
15,1,0,0,0
10,0,0,0,0
16,0,0,0,1
41,0,0,0,0
6,0,0,0,0
42,0,0,0,5
17,0,0,0,0
6,0,0,0,0
14,0,1,0,0
28,0,3,0,0
33,2,1,0,0
8,0,0,0,0
13,0,0,0,0
33,0,3,0,0
9,0,0,0,0
22,0,0,2,0
5,0,0,0,0
32,0,0,0,0
9,0,0,0,0
27,0,0,0,0
20,0,0,0,0
25,0,0,0,0
10,0,0,0,0
26,0,0,0,0
12,0,0,0,2
7,0,0,0,0
41,0,0,0,10
24,0,0,0,0
21,0,0,0,0
34,0,0,0,5
30,0,0,0,0
26,1,0,0,0
27,0,0,0,1
11,0,0,0,1
7,0,0,0,0
23,0,0,0,0
13,0,0,0,1
11,0,0,0,0
20,0,0,0,0
23,0,0,0,1
8,0,0,0,0
13,0,0,0,0
14,0,0,0,1
18,2,1,0,0
27,0,0,0,3
4,0,0,0,1
12,0,0,0,0
14,0,0,0,0
44,0,0,0,16
10,0,0,0,1
13,1,0,1,0
41,0,1,0,0
18,1,0,0,0
8,0,0,0,1
8,0,0,0,0
15,0,0,0,0
19,0,0,0,2
24,1,0,0,0
12,0,0,0,0
24,0,0,0,0
38,0,0,0,0
48,0,0,0,5
5,0,0,0,0
15,1,0,0,0
5,0,0,0,0
34,0,0,0,1
24,0,2,0,0
12,1,0,0,0
18,1,0,0,0
18,0,0,0,0
7,0,0,0,1
7,0,0,0,0
53,0,0,0,0
6,0,0,0,0
37,0,0,0,9
28,0,1,0,0
3,0,0,0,0
8,0,0,0,2
20,0,0,0,0
35,0,1,0,0
11,0,1,0,0
16,0,0,0,0
7,0,0,0,0
34,0,0,0,12
9,0,0,0,0
28,0,0,0,0
7,0,0,0,0
14,0,0,0,0
10,0,0,0,0
13,0,0,0,0
14,0,0,0,2
36,0,0,0,0
19,1,0,0,0
11,0,2,0,0
6,0,0,0,3
6,0,0,0,0
5,0,0,0,1
8,0,0,0,1
16,0,0,0,0
21,0,0,0,1
7,0,0,0,0
15,0,0,0,0
32,0,0,0,0
13,0,0,0,0
17,0,0,0,1
9,0,0,0,0
20,0,0,0,0
19,0,1,0,0
10,0,0,0,0
17,0,0,0,9
6,0,0,0,0
38,0,0,0,1
12,0,0,0,0
19,0,0,0,0
22,0,0,0,0
3,0,0,0,0
28,0,0,0,0
12,0,0,0,0
2,0,0,0,2
18,1,0,0,0
9,0,0,0,1
27,0,0,0,0
11,0,0,0,0
22,0,0,0,0
18,0,0,0,0
4,0,0,0,0
7,0,0,0,1
34,0,0,0,0
20,1,0,0,0
19,0,0,0,0
7,0,0,0,0
43,0,0,0,0
27,0,0,0,0
18,0,0,0,0
6,0,1,0,0
13,0,0,0,0
7,0,0,0,0
11,0,1,0,0
39,0,0,0,1
12,2,0,0,0
13,1,0,0,0
7,0,0,0,0
16,1,0,0,0
19,0,0,0,0
18,1,0,0,0
15,0,0,0,1
10,0,0,0,0
22,0,0,0,0
7,0,0,0,0
19,1,0,0,0
10,0,1,0,0
4,0,0,0,0
34,0,0,0,3
11,0,0,0,1
16,0,0,0,0
14,0,0,0,1
3,0,0,0,0
12,0,1,0,0
16,0,0,0,16
22,0,0,0,0
48,0,0,0,0
22,0,0,0,0
11,0,0,0,0
7,0,2,0,0
13,0,1,0,2
48,0,0,0,0
45,0,1,0,0
7,0,0,0,0
12,0,0,0,0
8,0,0,0,0
11,0,0,0,0
49,0,3,0,6
22,0,0,0,0
27,0,0,0,0
17,0,0,0,1
18,0,0,0,0
17,0,0,0,0
18,0,0,0,0
11,0,1,0,0
4,0,0,0,0
39,0,0,0,0
8,0,0,0,0
9,0,0,0,0
13,0,0,0,0
13,0,0,0,0
8,0,0,0,0
12,0,0,0,0
16,1,0,0,0
8,0,0,0,0
37,0,0,0,0
18,0,0,0,0
12,0,0,0,0
13,0,0,0,0
28,0,0,0,0
18,0,0,0,1
40,0,0,0,3
16,1,0,0,0
32,0,1,0,0
16,0,0,0,0
11,0,0,0,0
38,0,0,0,0
7,0,0,0,0
28,0,0,0,1
52,0,0,0,0
6,0,0,0,0
29,0,0,0,0
16,0,0,0,0
14,0,0,0,0
14,0,0,0,9
22,1,0,0,0
29,0,0,0,0
30,0,0,2,0
9,0,1,0,0
15,0,0,0,0
12,0,0,2,0
18,0,0,0,0
10,0,0,0,0
21,0,0,0,0
39,0,0,0,0
8,0,0,0,0
5,0,0,0,0
30,0,2,0,4
18,4,0,0,2
44,0,0,0,0
16,0,0,0,0
8,0,0,0,0
15,0,0,0,1
19,6,1,0,0
25,0,0,0,1
16,0,0,0,0
16,1,0,0,0
24,1,0,0,0
9,0,0,0,0
11,0,1,1,0
7,0,0,0,0
10,0,0,0,0
46,0,2,1,0
27,0,0,0,0
25,0,0,0,0
22,0,0,0,0
21,0,1,0,4
32,0,0,0,0
34,0,0,1,0
12,0,0,0,0
17,0,0,0,0
51,0,0,0,1
9,0,0,0,7
37,0,1,0,0
20,1,6,0,20
16,1,0,0,0
29,0,0,0,0
37,0,0,0,1
24,0,2,0,1
33,0,3,0,0
19,0,0,0,1
7,1,0,0,0
20,1,0,0,0
24,0,1,0,0
21,0,0,0,0
14,0,0,0,1
6,0,0,0,0
16,0,0,0,0
7,0,0,0,1
12,0,0,0,0
5,0,0,0,0
5,0,0,0,0
14,0,0,0,0
21,0,0,0,0
5,0,0,0,0
20,0,0,0,0
15,0,0,0,0
12,0,0,0,0
5,0,0,0,0
20,2,0,0,4
9,0,0,0,0
28,1,0,0,0
30,0,0,0,0
34,0,0,0,0
17,0,2,0,0
27,0,0,0,0
9,0,0,0,0
7,0,1,0,0
38,0,0,0,0
53,0,0,0,2
14,0,0,0,0
5,0,0,0,0
7,0,0,0,0
41,0,2,0,2
9,0,0,0,0
8,0,0,0,0
9,0,1,0,0
20,0,3,0,0
33,0,0,0,2
6,0,0,0,1
5,0,0,0,0
6,0,1,0,0
16,1,0,0,0
7,0,0,0,2
10,0,0,0,0
52,0,0,0,2
9,0,0,0,0
16,0,0,0,2
10,0,0,0,0
22,0,0,0,0
23,0,0,0,0
15,0,1,0,0
7,0,0,0,7
41,0,0,0,1
11,0,0,0,1
22,0,0,0,1
21,1,0,0,0
11,0,0,0,0
35,0,0,0,1
34,0,3,0,0
14,0,0,0,2
8,0,0,0,0
23,0,0,0,0
8,0,0,0,0
17,0,0,0,0
5,0,0,0,0
5,0,0,0,0
6,0,0,0,0
6,0,0,0,0
8,0,0,0,0
31,0,0,0,4
22,0,0,0,0
38,0,0,0,1
20,2,0,0,0
27,0,0,0,2
28,0,0,0,3
24,0,0,0,21
22,0,1,0,0
7,0,0,0,0
15,0,0,0,0
21,1,0,0,0
12,0,0,0,0
3,0,0,0,0
26,0,0,0,0
19,0,0,0,0
18,1,0,0,0
13,0,0,0,0
12,0,0,0,0
17,0,0,0,0
22,1,0,0,0
26,0,0,0,0
4,0,0,0,0
41,0,0,0,0
49,0,1,0,1
28,0,0,0,0
24,0,0,0,0
18,0,0,0,1
42,0,0,0,0
37,0,0,0,0
6,0,0,0,0
18,1,0,0,0
21,0,0,0,0
15,0,2,0,0
13,0,0,0,1
5,0,0,0,1
5,0,0,0,0
40,0,3,0,2
41,0,0,0,0
1,0,0,0,0
39,0,0,0,0
16,1,0,0,0
23,0,2,0,0
18,1,0,0,0
14,0,0,0,0
14,0,0,0,0
9,0,1,0,0
24,1,0,0,0
24,0,0,0,1
11,0,0,0,0
9,0,0,0,0
15,1,0,0,0
50,0,1,0,0
4,0,0,0,0
35,0,0,0,0
7,1,0,0,0
32,1,0,0,1
37,0,0,0,0
21,0,0,0,0
10,0,0,0,2
14,0,0,0,0
14,0,0,0,0
4,0,0,0,0
6,0,0,0,0
17,2,0,0,0
7,0,0,0,0
5,0,0,0,0
20,0,0,0,0
40,0,0,0,1
8,0,0,0,0
40,0,0,0,1
10,0,0,0,0
6,0,0,0,1
11,0,0,0,0
7,0,0,0,1
30,0,0,0,0
8,0,0,0,0
16,0,1,0,0
6,0,0,0,0
11,0,0,0,0
18,1,0,0,0
5,0,0,0,1
24,0,0,0,0
23,0,0,0,0
13,0,1,0,1
29,0,0,0,0
5,0,0,0,0
33,0,0,0,0
19,0,0,0,0
14,0,0,0,0
46,0,0,0,0
11,0,0,0,0
12,0,0,0,0
8,0,0,0,0
10,0,0,0,0
9,0,0,0,0
22,1,0,0,0
4,0,0,0,0
9,0,0,0,0
10,0,0,0,0
17,1,0,0,0
44,0,0,0,0
44,0,1,0,2
8,0,0,0,0
9,0,0,0,0
37,0,0,0,0
1,0,0,0,0
19,0,0,0,1
16,0,0,0,0
5,0,0,0,0
9,0,0,0,1
16,0,0,0,0
22,0,0,0,4
16,0,0,0,1
10,0,0,0,0
32,0,1,0,0
27,0,0,0,0
9,0,0,0,0
19,0,0,0,0
2,0,0,0,0
36,0,3,0,0
24,0,0,0,0
38,0,0,0,2
4,0,0,0,0
17,0,0,0,0
8,0,0,0,3
5,0,0,0,0
12,0,0,0,0
5,0,0,0,0
12,1,0,0,0
5,0,0,0,0
25,0,0,0,0
20,0,0,0,0
10,0,0,0,0
45,0,0,0,0
7,0,0,0,0
19,0,0,0,5
5,0,0,0,0
22,0,0,0,1
17,0,0,0,0
6,0,0,0,0
41,0,0,0,1
16,0,0,0,0
20,1,0,0,0
18,0,0,0,0
22,0,0,0,0
6,0,0,0,0
35,0,0,0,0
15,0,0,0,0
16,0,0,0,0
33,0,0,0,0
15,0,0,0,0
39,0,0,0,0
7,0,0,0,0
14,0,0,0,0
20,0,0,0,0
13,0,1,0,0
18,0,0,0,0
3,0,0,0,0
27,0,0,0,0
13,0,0,0,0
10,0,1,0,0
6,0,1,0,0
15,0,0,0,0
15,0,0,0,0
21,1,0,0,0
23,0,0,0,0
26,0,2,0,1
22,0,0,0,0
18,0,0,0,0
21,0,0,0,0
43,2,0,0,1
39,0,0,0,0
24,0,0,0,0
24,0,0,0,0
10,0,0,0,0
21,0,1,0,0
12,0,0,0,0
46,0,0,0,0
14,0,0,0,0
19,0,1,0,0
10,0,1,0,0
5,0,0,0,0
7,0,0,0,0
14,0,0,0,5
8,0,0,0,1
7,0,0,0,0
8,0,0,0,0
21,0,0,0,0
21,0,0,0,19
19,1,0,0,0
38,0,0,0,0
8,0,0,0,0
17,0,0,0,0
10,0,0,0,0
34,0,0,0,0
6,0,0,0,0
21,1,0,0,0
27,0,0,0,1
22,0,0,0,1
27,0,0,0,0
39,0,0,0,1
9,0,0,0,0
40,0,0,0,0
1,0,0,0,0
11,0,0,0,0
41,0,0,0,0
7,0,0,0,0
16,0,0,0,0
6,0,0,0,0
11,0,0,0,1
12,0,0,0,0
7,0,1,0,0
23,0,0,0,0
45,3,4,0,0
10,0,0,0,0
23,1,0,0,0
12,0,0,0,0
28,0,0,0,2
4,0,0,0,0
12,0,0,0,0
32,0,0,0,1
9,0,1,0,0
10,0,0,0,0
8,0,0,0,0
4,0,0,0,0
9,0,0,0,0
14,2,0,0,0
40,2,0,0,14
6,0,0,0,1
19,0,0,0,0
19,0,0,0,0
11,0,0,0,0
45,2,0,0,4
45,0,0,0,1
38,1,0,0,2
18,0,0,0,0
17,0,0,0,0
14,0,0,0,0
9,0,0,0,0
17,0,0,0,0
13,0,0,0,0
25,1,0,0,0
43,0,0,0,1
9,0,0,0,0
15,0,0,0,1
19,0,1,0,0
21,0,0,0,1
11,0,0,0,0
12,0,0,0,0
41,0,1,0,2
14,0,0,0,0
12,0,0,0,0
42,0,0,0,0
6,0,0,0,1
9,0,0,0,0
11,0,0,0,0
8,0,0,0,1
23,0,0,0,0
24,0,0,0,1
43,1,0,0,0
50,0,0,0,1
36,0,1,0,0
38,0,0,0,0
18,0,0,0,0
9,0,0,0,0
8,3,1,0,0
13,0,0,0,0
41,0,0,0,0
10,0,0,0,1
14,0,0,0,0
21,1,0,0,0
5,0,0,0,1
11,0,0,0,0
19,0,0,0,3
42,0,0,0,0
3,0,0,0,0
15,0,0,0,0
9,0,0,0,0
39,0,2,0,0
5,0,0,0,0
9,0,0,0,1
6,0,0,0,0
13,0,2,0,0
18,0,0,0,0
16,0,0,0,1
13,0,0,0,4
10,0,0,0,0
22,0,0,0,0
19,0,2,0,12
9,0,0,0,1
25,3,0,0,0
11,0,0,0,0
17,1,0,0,0
15,0,0,0,0
8,0,1,0,0
18,0,0,0,0
24,0,0,0,0
8,0,0,0,0
36,0,0,0,1
17,1,0,0,0
9,1,0,0,0
18,0,0,0,0
20,0,0,0,2
14,1,0,0,0
2,0,0,0,0
27,0,0,0,0
15,1,0,0,0
12,0,0,0,0
11,1,5,0,0
8,0,0,0,0
15,1,0,0,0
11,1,0,0,0
40,0,0,0,0
9,0,0,0,0
2,0,0,0,0
7,0,0,0,0
20,0,0,0,0
15,0,0,0,0
8,0,0,0,0
7,0,0,0,0
33,0,0,0,0
12,0,0,0,0
9,0,0,0,0
11,0,0,0,0
19,0,0,0,0
21,0,0,0,0
10,0,0,0,0
2,0,0,0,0
6,0,0,0,0
15,0,0,0,0
10,0,0,0,0
13,0,0,0,0
19,0,0,0,0
7,0,0,0,0
11,0,0,0,1
6,0,0,0,1
5,0,0,0,0
44,0,2,0,0
12,0,0,0,1
6,0,1,0,0
17,0,1,0,0
14,0,1,0,0
19,0,0,0,1
10,0,0,0,0
47,0,2,0,0
38,0,1,0,0
18,0,0,0,0
26,0,0,0,0
34,0,1,0,0
20,0,0,0,1
15,0,0,0,0
8,0,0,0,0
34,0,0,0,0
22,1,0,0,1
49,0,0,0,0
36,0,0,0,1
26,0,0,0,1
8,0,0,0,0
47,0,0,0,1
46,0,0,0,1
5,0,0,0,0
10,0,0,0,0
16,1,0,0,0
8,0,0,0,0
10,0,0,0,0
34,0,1,0,0
34,0,0,0,0
19,1,0,0,0
23,0,0,0,0
19,0,0,0,0
4,0,0,0,0
39,0,0,0,1
23,0,0,0,0
17,0,2,0,0
20,0,1,0,0
14,0,0,0,1
29,0,0,0,1
14,0,0,0,0
16,1,0,0,0
4,0,0,0,0
18,1,0,0,0
7,0,0,0,0
9,0,0,0,0
16,0,0,0,0
28,0,3,0,0
2,0,0,0,0
14,0,0,0,0
13,0,1,0,0
6,0,0,0,0
15,0,0,0,0
16,0,1,0,0
16,0,0,0,3
12,0,0,0,0
13,0,0,0,0
48,0,0,0,2
25,1,0,0,0
22,0,0,0,0
26,0,0,4,0
40,0,0,0,0
15,0,1,0,0
16,0,0,0,0
43,0,1,0,1
38,1,2,0,4
14,0,0,0,0
37,0,0,0,1
19,1,0,0,1
11,0,0,0,1
18,0,0,0,1
4,0,1,0,0
34,0,0,0,0
9,0,0,0,0
10,0,0,0,0
15,1,0,0,0
6,0,0,0,0
21,0,0,0,0
26,1,0,0,2
44,5,0,0,2
4,0,0,0,4
32,0,0,0,0
25,0,0,0,0
16,0,0,0,0
44,0,2,0,0
11,0,0,0,0
18,0,0,0,0
29,0,0,0,0
4,0,0,0,0
12,0,0,0,0
27,0,0,0,0
4,0,0,2,0
16,1,0,0,0
27,0,0,2,0
15,0,0,0,2
6,0,0,0,0
21,0,0,0,3
8,0,0,0,0
2,0,0,0,0
17,0,0,0,0
11,0,0,0,0
10,0,1,0,0
31,0,1,0,0
12,0,0,0,1
8,0,0,0,0
3,0,0,0,3
18,1,0,0,0
25,0,0,0,0
19,1,0,0,0
24,0,0,0,1
15,0,0,0,0
24,1,0,0,4
15,0,0,0,0
34,0,0,0,0
7,0,0,0,2
13,1,0,0,0
47,0,1,0,13
17,0,0,0,0
8,0,0,0,0
8,0,0,0,0
15,0,0,0,0
22,0,1,0,1
48,0,1,0,5
11,0,0,0,0
15,0,1,0,0
24,0,0,0,0
23,0,1,0,1
11,0,0,0,1
5,0,0,0,0
17,0,0,0,0
17,1,0,0,0
8,0,0,0,0
19,0,0,0,0
19,1,0,0,0
18,0,0,0,0
6,0,0,0,0
12,0,0,0,0
19,1,0,0,0
40,0,0,0,4
12,0,0,0,0
17,0,0,0,0
23,1,0,0,0
13,0,0,0,0
5,0,0,0,0
29,0,0,0,1
4,0,0,0,0
31,0,0,0,0
10,0,0,0,0
24,0,0,0,0
8,0,0,0,1
10,0,0,0,1
10,0,0,0,0
5,0,0,0,0
36,0,0,0,0
21,1,0,0,0
15,0,0,0,0
14,0,0,0,0
19,0,0,0,0
9,0,1,0,0
19,1,0,0,0
17,0,0,0,1
13,0,0,0,0
1,0,1,0,0
11,0,0,0,0
22,0,0,0,0
9,0,0,0,0
17,0,0,0,2
15,0,1,0,0
11,0,0,0,0
33,0,0,0,0
21,0,0,0,0
42,0,0,0,1
40,0,0,0,0
9,0,0,0,0
7,0,0,0,0
12,0,0,0,0
21,0,0,0,0
6,0,0,0,1
19,0,0,0,0
8,0,0,0,0
21,0,1,0,0
36,0,0,0,0
9,0,0,0,0
24,0,0,0,0
17,0,0,0,0
19,0,0,0,1
15,0,0,0,1
10,0,0,0,1
20,0,0,0,1
2,1,0,0,2
21,0,0,0,0
19,0,0,0,0
40,0,0,0,2
21,0,0,0,1
32,0,2,0,12
31,0,0,0,0
14,0,0,0,0
8,0,0,0,0
29,0,0,0,0
16,0,0,0,1
9,0,0,0,0
3,0,0,0,0
9,0,0,0,0
12,0,1,0,1
7,0,0,0,0
4,0,0,0,0
8,0,0,0,0
22,0,0,0,0
12,0,0,0,12
36,0,0,0,0
9,0,0,0,0
26,0,0,0,2
32,0,1,0,1
42,0,0,0,0
7,0,0,0,0
18,0,0,0,0
7,0,0,0,0
39,0,0,0,0
7,0,0,0,0
27,0,1,0,0
21,0,1,0,0
26,0,0,0,1
7,0,0,0,0
4,0,0,0,0
10,0,1,2,0
8,0,0,0,0
33,0,0,0,2
48,0,0,0,0
9,0,0,0,0
15,1,0,0,0
29,0,0,0,0
21,0,0,0,0
21,0,0,0,2
18,0,3,0,0
30,0,0,0,1
17,0,1,0,0
15,0,0,0,0
16,1,0,0,0
32,0,0,0,0
14,0,0,0,0
17,0,0,0,0
21,0,0,0,0
36,0,0,0,1
19,0,0,0,0
11,0,0,0,0
12,0,0,0,0
20,1,0,0,0
37,0,0,0,1
8,0,0,0,1
7,0,0,0,2
5,0,0,0,5
3,0,0,0,0
15,0,1,0,0
27,0,0,0,1
10,0,0,0,5
11,1,1,0,0
5,0,0,0,1
15,0,0,0,0
24,0,0,0,0
9,0,0,0,1
4,0,0,0,0
24,0,0,1,0
41,0,0,0,0
36,0,0,0,0
16,0,0,0,0
32,0,0,0,0
32,0,0,0,0
20,0,0,0,0
10,0,0,0,0
9,0,0,0,0
5,0,0,0,1
20,1,0,0,0
8,0,0,0,0
21,0,0,0,0
9,0,1,0,1
20,1,0,0,1
18,0,0,0,0
33,0,0,0,0
34,0,0,4,0
24,0,0,0,0
16,0,0,0,0
15,1,0,0,2
25,1,0,0,0
30,0,0,0,0
20,0,0,0,0
10,0,0,0,0
10,1,0,0,10
20,2,0,0,4
6,0,0,0,1
12,0,1,0,0
8,0,0,0,0
8,0,0,0,0
5,0,0,0,0
14,0,0,0,0
11,0,1,0,0
48,0,0,0,0
12,0,0,0,0
7,0,0,0,0
10,0,0,0,0
26,0,0,0,0
22,1,0,0,1
3,0,0,0,0
22,0,0,0,2
6,0,0,0,0
35,0,0,0,0
35,0,0,0,1
29,0,0,0,0
4,0,0,0,0
34,0,0,0,1
10,0,0,0,0
18,0,0,0,0
8,0,0,0,0
20,0,0,0,0
10,0,0,0,0
44,0,0,0,1
6,0,0,0,0
21,0,1,0,0
4,0,0,0,0
3,0,0,0,0
14,0,0,0,0
26,0,0,0,0
10,0,0,0,0
8,0,0,0,0
29,0,0,0,1
20,0,0,0,1
17,0,0,0,9
